{
	"data":
	[
		{
			"id": 1,
			"name": "Alphabet Mountain",
			"scene_name": "Alphabet Mountain",
			"is_score_based": 1,
			"active": 1,
			"max_level": 24,
			"report_display": "Alphabet Mountain"
		},
		{
			"id": 2,
			"name": "Auntie Kay's Place",
			"scene_name": "Auntie Kays Place",
			"is_score_based": 0,
			"active": 0,
			"max_level": 0,
			"report_display": "Auntie Kay's Place"
		},
		{
			"id": 3,
			"name": "Avatar Creator",
			"scene_name": "Avatar Creator",
			"is_score_based": 0,
			"active": 0,
			"max_level": 0,
			"report_display": "Avatar Creator"
		},
		{
			"id": 4,
			"name": "Cake Factory",
			"scene_name": "Cake Factory",
			"is_score_based": 1,
			"active": 1,
			"max_level": 26,
			"report_display": "Cake Factory"
		},
		{
			"id": 5,
			"name": "Cave of Sounds",
			"scene_name": "Cave_of_Sounds",
			"is_score_based": 1,
			"active": 1,
			"max_level": 49,
			"report_display": "Cave of Sounds"
		},
		{
			"id": 6,
			"name": "Clumsy Wacky",
			"scene_name": "Clumsy Wacky",
			"is_score_based": 1,
			"active": 1,
			"max_level": 24,
			"report_display": "Clumsy Wacky"
		},
		{
			"id": 8,
			"name": "Pencil Playground",
			"scene_name": "Pencil Playground",
			"is_score_based": 0,
			"active": 0,
			"max_level": 0,
			"report_display": "Pencil Playground"
		},
		{
			"id": 9,
			"name": "Popcorn Library",
			"scene_name": "Popcorn Library",
			"is_score_based": 0,
			"active": 1,
			"max_level": 0,
			"report_display": "Popcorn Library"
		},
		{
			"id": 10,
			"name": "Submarine Listening",
			"scene_name": "Submarine Listening",
			"is_score_based": 1,
			"active": 1,
			"max_level": 24,
			"report_display": "Submarine Listening"
		},
		{
			"id": 11,
			"name": "Jet Ski",
			"scene_name": "Jet Ski",
			"is_score_based": 1,
			"active": 1,
			"max_level": 24,
			"report_display": "Z-Doo"
		},
		{
			"id": 12,
			"name": "Word Ball",
			"scene_name": "Word Ball",
			"is_score_based": 1,
			"active": 1,
			"max_level": 24,
			"report_display": "Word Ball"
		},
		{
			"id": 13,
			"name": "Bubbly Trubbly",
			"scene_name": "Bubbly Trubbly",
			"is_score_based": 1,
			"active": 1,
			"max_level": 25,
			"report_display": "Bubbly Trubbly"
		},
		{
			"id": 14,
			"name": "Fligg Forest",
			"scene_name": "Fliggnorance_Slide",
			"is_score_based": 0,
			"active": 0,
			"max_level": 0,
			"report_display": "Fligg Forest"
		},
		{
			"id": 15,
			"name": "Auntie Kay's Place - Meeting",
			"scene_name": "Auntie Kays Place - Meeting",
			"is_score_based": 0,
			"active": 0,
			"max_level": 0,
			"report_display": "Auntie Kay's Place - Meeting"
		},
		{
			"id": 16,
			"name": "Rescue Mission",
			"scene_name": "Rescue_Mission",
			"is_score_based": 0,
			"active": 0,
			"max_level": 0,
			"report_display": "Rescue Mission"
		},
		{
			"id": 17,
			"name": "Glass Bottom Boat",
			"scene_name": "Glass Bottom Boat",
			"is_score_based": 0,
			"active": 0,
			"max_level": 0,
			"report_display": "Glass Bottom Boat"
		},
		{
			"id": 18,
			"name": "Fliggnorance Slideshow",
			"scene_name": "Fliggnorance_Treehouse_Slides",
			"is_score_based": 0,
			"active": 0,
			"max_level": 0,
			"report_display": "Fliggnorance Slideshow"
		},
		{
			"id": 20,
			"name": "Pop And Drop",
			"scene_name": "PopAndDrop",
			"is_score_based": 0,
			"active": 1,
			"max_level": 0,
			"report_display": "Pop And Drop"
		},
		{
			"id": 21,
			"name": "Seashells",
			"scene_name": "Seashells",
			"is_score_based": 0,
			"active": 1,
			"max_level": 0,
			"report_display": "Seashells"
		},
		{
			"id": 22,
			"name": "Memory",
			"scene_name": "Memory",
			"is_score_based": 0,
			"active": 1,
			"max_level": 0,
			"report_display": "Memory"
		},
		{
			"id": 23,
			"name": "Ooka Elf Lori",
			"scene_name": "OokaElfLori",
			"is_score_based": 0,
			"active": 1,
			"max_level": 0,
			"report_display": "Ooka Elf Lori"
		},
		{
			"id": 24,
			"name": "Ending Slideshow",
			"scene_name": "Game Outro Slides",
			"is_score_based": 0,
			"active": 1,
			"max_level": 0,
			"report_display": "Ending Slideshow"
		},
		{
			"id": 25,
			"name": "FINISHED",
			"scene_name": "FINISHED",
			"is_score_based": 0,
			"active": 1,
			"max_level": 0,
			"report_display": "FINISHED"
		}
	]
}
