{
	"data":
	[
		{
			"id": 1,
			"book_id": 1,
			"region_id": 1
		},
		{
			"id": 2,
			"book_id": 2,
			"region_id": 1
		},
		{
			"id": 3,
			"book_id": 3,
			"region_id": 1
		},
		{
			"id": 4,
			"book_id": 4,
			"region_id": 1
		},
		{
			"id": 5,
			"book_id": 5,
			"region_id": 1
		},
		{
			"id": 6,
			"book_id": 6,
			"region_id": 1
		},
		{
			"id": 7,
			"book_id": 7,
			"region_id": 1
		},
		{
			"id": 8,
			"book_id": 8,
			"region_id": 1
		},
		{
			"id": 9,
			"book_id": 9,
			"region_id": 1
		},
		{
			"id": 10,
			"book_id": 10,
			"region_id": 1
		},
		{
			"id": 11,
			"book_id": 11,
			"region_id": 1
		},
		{
			"id": 12,
			"book_id": 12,
			"region_id": 1
		},
		{
			"id": 13,
			"book_id": 13,
			"region_id": 1
		},
		{
			"id": 14,
			"book_id": 14,
			"region_id": 1
		},
		{
			"id": 15,
			"book_id": 15,
			"region_id": 1
		},
		{
			"id": 16,
			"book_id": 16,
			"region_id": 1
		},
		{
			"id": 17,
			"book_id": 17,
			"region_id": 1
		},
		{
			"id": 18,
			"book_id": 18,
			"region_id": 1
		},
		{
			"id": 19,
			"book_id": 19,
			"region_id": 1
		},
		{
			"id": 20,
			"book_id": 20,
			"region_id": 1
		},
		{
			"id": 21,
			"book_id": 21,
			"region_id": 1
		},
		{
			"id": 22,
			"book_id": 22,
			"region_id": 1
		},
		{
			"id": 23,
			"book_id": 23,
			"region_id": 1
		},
		{
			"id": 24,
			"book_id": 24,
			"region_id": 1
		},
		{
			"id": 25,
			"book_id": 25,
			"region_id": 1
		},
		{
			"id": 26,
			"book_id": 26,
			"region_id": 1
		},
		{
			"id": 27,
			"book_id": 27,
			"region_id": 1
		},
		{
			"id": 28,
			"book_id": 28,
			"region_id": 1
		},
		{
			"id": 29,
			"book_id": 29,
			"region_id": 1
		},
		{
			"id": 30,
			"book_id": 30,
			"region_id": 1
		},
		{
			"id": 31,
			"book_id": 31,
			"region_id": 1
		},
		{
			"id": 32,
			"book_id": 32,
			"region_id": 1
		},
		{
			"id": 33,
			"book_id": 33,
			"region_id": 1
		},
		{
			"id": 34,
			"book_id": 34,
			"region_id": 1
		},
		{
			"id": 35,
			"book_id": 35,
			"region_id": 1
		},
		{
			"id": 36,
			"book_id": 36,
			"region_id": 1
		},
		{
			"id": 37,
			"book_id": 37,
			"region_id": 1
		},
		{
			"id": 38,
			"book_id": 38,
			"region_id": 1
		},
		{
			"id": 39,
			"book_id": 39,
			"region_id": 1
		},
		{
			"id": 40,
			"book_id": 40,
			"region_id": 1
		},
		{
			"id": 41,
			"book_id": 41,
			"region_id": 1
		},
		{
			"id": 42,
			"book_id": 42,
			"region_id": 1
		},
		{
			"id": 43,
			"book_id": 43,
			"region_id": 1
		},
		{
			"id": 44,
			"book_id": 44,
			"region_id": 1
		},
		{
			"id": 45,
			"book_id": 45,
			"region_id": 1
		},
		{
			"id": 46,
			"book_id": 46,
			"region_id": 1
		},
		{
			"id": 47,
			"book_id": 47,
			"region_id": 1
		},
		{
			"id": 48,
			"book_id": 48,
			"region_id": 1
		},
		{
			"id": 49,
			"book_id": 49,
			"region_id": 1
		},
		{
			"id": 50,
			"book_id": 50,
			"region_id": 1
		},
		{
			"id": 51,
			"book_id": 51,
			"region_id": 1
		},
		{
			"id": 52,
			"book_id": 52,
			"region_id": 1
		},
		{
			"id": 53,
			"book_id": 53,
			"region_id": 1
		},
		{
			"id": 54,
			"book_id": 54,
			"region_id": 1
		},
		{
			"id": 55,
			"book_id": 55,
			"region_id": 1
		},
		{
			"id": 56,
			"book_id": 56,
			"region_id": 1
		},
		{
			"id": 57,
			"book_id": 57,
			"region_id": 1
		},
		{
			"id": 58,
			"book_id": 58,
			"region_id": 1
		},
		{
			"id": 59,
			"book_id": 59,
			"region_id": 1
		},
		{
			"id": 60,
			"book_id": 60,
			"region_id": 1
		},
		{
			"id": 61,
			"book_id": 61,
			"region_id": 1
		},
		{
			"id": 62,
			"book_id": 62,
			"region_id": 1
		},
		{
			"id": 63,
			"book_id": 63,
			"region_id": 1
		},
		{
			"id": 64,
			"book_id": 64,
			"region_id": 1
		},
		{
			"id": 65,
			"book_id": 65,
			"region_id": 1
		},
		{
			"id": 66,
			"book_id": 66,
			"region_id": 1
		},
		{
			"id": 67,
			"book_id": 67,
			"region_id": 1
		},
		{
			"id": 68,
			"book_id": 68,
			"region_id": 1
		},
		{
			"id": 69,
			"book_id": 69,
			"region_id": 1
		},
		{
			"id": 70,
			"book_id": 70,
			"region_id": 1
		},
		{
			"id": 71,
			"book_id": 71,
			"region_id": 1
		},
		{
			"id": 72,
			"book_id": 72,
			"region_id": 1
		},
		{
			"id": 73,
			"book_id": 73,
			"region_id": 1
		},
		{
			"id": 74,
			"book_id": 74,
			"region_id": 1
		},
		{
			"id": 75,
			"book_id": 75,
			"region_id": 1
		},
		{
			"id": 76,
			"book_id": 76,
			"region_id": 1
		},
		{
			"id": 77,
			"book_id": 77,
			"region_id": 1
		},
		{
			"id": 78,
			"book_id": 78,
			"region_id": 1
		},
		{
			"id": 79,
			"book_id": 79,
			"region_id": 1
		},
		{
			"id": 80,
			"book_id": 80,
			"region_id": 1
		},
		{
			"id": 81,
			"book_id": 81,
			"region_id": 1
		},
		{
			"id": 82,
			"book_id": 82,
			"region_id": 1
		},
		{
			"id": 83,
			"book_id": 83,
			"region_id": 1
		},
		{
			"id": 84,
			"book_id": 84,
			"region_id": 1
		},
		{
			"id": 85,
			"book_id": 85,
			"region_id": 1
		}
	]
}