{
	"data":
	[
		{
			"id": 1,
			"name": "MeetKaylaJaydenAndBoo",
			"active": 1,
			"sound_path": "Book 1 Meet Kayla Jayden & Boo",
			"book_level": 1,
			"readable_name": "Meet Kayla, Jayden & Boo",
			"next_book_id": 2
		},
		{
			"id": 2,
			"name": "TheBalloon",
			"active": 1,
			"sound_path": "Book 2 The Balloon",
			"book_level": 1,
			"readable_name": "The Balloon",
			"next_book_id": 3
		},
		{
			"id": 3,
			"name": "BoosRedBalloon",
			"active": 1,
			"sound_path": "Book 3 Boos Red Balloon",
			"book_level": 1,
			"readable_name": "Boo's Red Balloon",
			"next_book_id": 4
		},
		{
			"id": 4,
			"name": "WhereIsBoo",
			"active": 1,
			"sound_path": "Book 4 Where is Boo",
			"book_level": 1,
			"readable_name": "Where Is Boo?",
			"next_book_id": 5
		},
		{
			"id": 5,
			"name": "BugOnFire",
			"active": 1,
			"sound_path": "Book 5 Bug on Fire",
			"book_level": 1,
			"readable_name": "Bug on Fire",
			"next_book_id": 6
		},
		{
			"id": 6,
			"name": "TheRace",
			"active": 1,
			"sound_path": "Book 6 The Race",
			"book_level": 1,
			"readable_name": "The Race",
			"next_book_id": 7
		},
		{
			"id": 7,
			"name": "YouCanDoItBoo",
			"active": 1,
			"sound_path": "Book 7 You Can Do It Boo",
			"book_level": 1,
			"readable_name": "You Can Do It, Boo",
			"next_book_id": 8
		},
		{
			"id": 8,
			"name": "SprinklerAtThePark",
			"active": 1,
			"sound_path": "Book 8 Sprinkler At The Park",
			"book_level": 1,
			"readable_name": "Sprinkler at the Park",
			"next_book_id": 9
		},
		{
			"id": 9,
			"name": "TheBumpySlide",
			"active": 1,
			"sound_path": "Book 9 The Bumpy Slide",
			"book_level": 1,
			"readable_name": "The Bumpy Slide",
			"next_book_id": 10
		},
		{
			"id": 10,
			"name": "TheShootingStar",
			"active": 1,
			"sound_path": "Book 10 The Shooting Star",
			"book_level": 1,
			"readable_name": "The Shooting Star",
			"next_book_id": 11
		},
		{
			"id": 11,
			"name": "TheKite",
			"active": 1,
			"sound_path": "Book 11 The Kite",
			"book_level": 1,
			"readable_name": "The Kite",
			"next_book_id": 12
		},
		{
			"id": 12,
			"name": "TheSwingSet",
			"active": 1,
			"sound_path": "Book 12 The Swing Set",
			"book_level": 1,
			"readable_name": "The Swing Set",
			"next_book_id": 13
		},
		{
			"id": 13,
			"name": "TheFerrisWheel",
			"active": 1,
			"sound_path": "Book 13 The Ferris Wheel",
			"book_level": 1,
			"readable_name": "The Ferris Wheel",
			"next_book_id": 14
		},
		{
			"id": 14,
			"name": "PiggybackRide",
			"active": 1,
			"sound_path": "Book 14 Piggyback Ride",
			"book_level": 1,
			"readable_name": "Piggyback Ride",
			"next_book_id": 15
		},
		{
			"id": 15,
			"name": "FireworksAtThePark",
			"active": 1,
			"sound_path": "Book 15 Fireworks at the Park",
			"book_level": 1,
			"readable_name": "Fireworks at the Park",
			"next_book_id": 16
		},
		{
			"id": 16,
			"name": "BooBuysAGift",
			"active": 1,
			"sound_path": "Level 2 Book 1 Boo Buys A Gift",
			"book_level": 2,
			"readable_name": "Boo Buys a Gift",
			"next_book_id": 17
		},
		{
			"id": 17,
			"name": "TheBasketballHoop",
			"active": 1,
			"sound_path": "Level 2 Book 2 The Basketball Hoop",
			"book_level": 2,
			"readable_name": "The Basketball Hoop",
			"next_book_id": 18
		},
		{
			"id": 18,
			"name": "TwoBirthdayCakes",
			"active": 1,
			"sound_path": "Level 2 Book 3 Two Birthday Cakes",
			"book_level": 2,
			"readable_name": "Two Birthday Cakes",
			"next_book_id": 19
		},
		{
			"id": 19,
			"name": "Superstar",
			"active": 1,
			"sound_path": "Level 2 Book 4 Superstar",
			"book_level": 2,
			"readable_name": "Superstar",
			"next_book_id": 20
		},
		{
			"id": 20,
			"name": "CampfireByTheLake",
			"active": 1,
			"sound_path": "Level 2 Book 5 Campfire By The Lake",
			"book_level": 2,
			"readable_name": "Campfire by the Lake",
			"next_book_id": 21
		},
		{
			"id": 21,
			"name": "BoosBling",
			"active": 1,
			"sound_path": "Level 2 Book 6 Boos Bling",
			"book_level": 2,
			"readable_name": "Boo's Bling",
			"next_book_id": 22
		},
		{
			"id": 22,
			"name": "SuperBoo",
			"active": 1,
			"sound_path": "Level 2 Book 7 Super Boo",
			"book_level": 2,
			"readable_name": "Super Boo",
			"next_book_id": 23
		},
		{
			"id": 23,
			"name": "TheLog",
			"active": 1,
			"sound_path": "Level 2 Book 8 The Log",
			"book_level": 2,
			"readable_name": "The Log",
			"next_book_id": 24
		},
		{
			"id": 24,
			"name": "TheTurtleRide",
			"active": 1,
			"sound_path": "Level 2 Book 9 The Turtle Ride",
			"book_level": 2,
			"readable_name": "The Turtle Ride",
			"next_book_id": 25
		},
		{
			"id": 25,
			"name": "Glowsticks",
			"active": 1,
			"sound_path": "Level 2 Book 10 Glowsticks",
			"book_level": 2,
			"readable_name": "Glowsticks",
			"next_book_id": 26
		},
		{
			"id": 26,
			"name": "TheGroceryCart",
			"active": 1,
			"sound_path": "Level 3 Book 1 The Grocery Cart",
			"book_level": 3,
			"readable_name": "The Grocery Cart",
			"next_book_id": 27
		},
		{
			"id": 27,
			"name": "TheRoundabout",
			"active": 1,
			"sound_path": "Level 3 Book 2 The Roundabout",
			"book_level": 3,
			"readable_name": "The Roundabout",
			"next_book_id": 28
		},
		{
			"id": 28,
			"name": "SparklersAtNight",
			"active": 1,
			"sound_path": "Level 3 Book 3 Sparklers At Night",
			"book_level": 3,
			"readable_name": "Sparklers at Night",
			"next_book_id": 29
		},
		{
			"id": 29,
			"name": "TheSwirlyFan",
			"active": 1,
			"sound_path": "Level 3 Book 4 The Swirly Fan",
			"book_level": 3,
			"readable_name": "The Swirly Fan",
			"next_book_id": 30
		},
		{
			"id": 30,
			"name": "TheRainbow",
			"active": 1,
			"sound_path": "Level 3 Book 5 The Rainbow",
			"book_level": 3,
			"readable_name": "The Rainbow",
			"next_book_id": 31
		},
		{
			"id": 31,
			"name": "BoosFlashlight",
			"active": 1,
			"sound_path": "Level 3 Book 6 Boos Flashlight",
			"book_level": 3,
			"readable_name": "Boo's Flashlight",
			"next_book_id": 32
		},
		{
			"id": 32,
			"name": "TheLittlePuppy",
			"active": 1,
			"sound_path": "Level 3 Book 7 The Little Puppy",
			"book_level": 3,
			"readable_name": "The Little Puppy",
			"next_book_id": 33
		},
		{
			"id": 33,
			"name": "ThePicnic",
			"active": 1,
			"sound_path": "Level 3 Book 8 The Picnic",
			"book_level": 3,
			"readable_name": "The Picnic",
			"next_book_id": 34
		},
		{
			"id": 34,
			"name": "IceCream",
			"active": 1,
			"sound_path": "Level 3 Book 9 Ice Cream",
			"book_level": 3,
			"readable_name": "Ice Cream",
			"next_book_id": 35
		},
		{
			"id": 35,
			"name": "SnowBoo",
			"active": 1,
			"sound_path": "Level 3 Book 10 Snow Boo",
			"book_level": 3,
			"readable_name": "Snow Boo",
			"next_book_id": 36
		},
		{
			"id": 36,
			"name": "BoosBigTrip",
			"active": 1,
			"sound_path": "Story 1 Boos Big Trip",
			"book_level": 4,
			"readable_name": "Boo's Big Trip",
			"next_book_id": 37
		},
		{
			"id": 37,
			"name": "NewNeighbours",
			"active": 1,
			"sound_path": "Story 2 New Neighbours",
			"book_level": 4,
			"readable_name": "New Neighbours",
			"next_book_id": 38
		},
		{
			"id": 38,
			"name": "Snowball",
			"active": 1,
			"sound_path": "Story 3 Snowball",
			"book_level": 4,
			"readable_name": "Snowball",
			"next_book_id": 39
		},
		{
			"id": 39,
			"name": "LostAtTheParade",
			"active": 1,
			"sound_path": "Story 4 Lost At The Parade",
			"book_level": 4,
			"readable_name": "Lost at the Parade",
			"next_book_id": 40
		},
		{
			"id": 40,
			"name": "PointyFootball",
			"active": 1,
			"sound_path": "Story 5 Pointy Football",
			"book_level": 4,
			"readable_name": "Pointy Football",
			"next_book_id": 41
		},
		{
			"id": 41,
			"name": "TouchingTheClouds",
			"active": 1,
			"sound_path": "Story 6 Touching The Clouds",
			"book_level": 4,
			"readable_name": "Touching the Clouds",
			"next_book_id": 42
		},
		{
			"id": 42,
			"name": "StuckInATree",
			"active": 1,
			"sound_path": "Story 7 Stuck in a Tree",
			"book_level": 4,
			"readable_name": "Stuck in a Tree",
			"next_book_id": 43
		},
		{
			"id": 43,
			"name": "KaylasBlueBike",
			"active": 1,
			"sound_path": "Story 8 Kaylas Blue Bike",
			"book_level": 4,
			"readable_name": "Kayla's Blue Bike",
			"next_book_id": 44
		},
		{
			"id": 44,
			"name": "TheLeafPile",
			"active": 1,
			"sound_path": "Story 9 The Leaf Pile",
			"book_level": 4,
			"readable_name": "The Leaf Pile",
			"next_book_id": 45
		},
		{
			"id": 45,
			"name": "TheCarWash",
			"active": 1,
			"sound_path": "Story 10 The Carwash",
			"book_level": 4,
			"readable_name": "The Carwash",
			"next_book_id": 46
		},
		{
			"id": 46,
			"name": "TreysTreehouse",
			"active": 1,
			"sound_path": "Story 11 Treys Treehouse",
			"book_level": 5,
			"readable_name": "Trey's Treehouse",
			"next_book_id": 47
		},
		{
			"id": 47,
			"name": "BebopWagsHisTail",
			"active": 1,
			"sound_path": "Story 12 Bebop Wags His Tail",
			"book_level": 5,
			"readable_name": "Bebop Wags His Tail",
			"next_book_id": 48
		},
		{
			"id": 48,
			"name": "ABigSplash",
			"active": 1,
			"sound_path": "Story 13 The Big Splash",
			"book_level": 5,
			"readable_name": "The Big Splash",
			"next_book_id": 49
		},
		{
			"id": 49,
			"name": "Chummy",
			"active": 1,
			"sound_path": "Story 14 Chummy",
			"book_level": 5,
			"readable_name": "Chummy",
			"next_book_id": 50
		},
		{
			"id": 50,
			"name": "SurpriseParty",
			"active": 1,
			"sound_path": "Story 15 Surprise Party",
			"book_level": 5,
			"readable_name": "Surprise Party",
			"next_book_id": 51
		},
		{
			"id": 51,
			"name": "ASnowAngel",
			"active": 1,
			"sound_path": "Story 16 A Snow Angel",
			"book_level": 5,
			"readable_name": "A Snow Angel",
			"next_book_id": 52
		},
		{
			"id": 52,
			"name": "TheRedWagon",
			"active": 1,
			"sound_path": "Story 17 The Red Wagon",
			"book_level": 5,
			"readable_name": "The Red Wagon",
			"next_book_id": 53
		},
		{
			"id": 53,
			"name": "PopcornForBreakfast",
			"active": 1,
			"sound_path": "Stroy 18 Popcorn For Breakfast",
			"book_level": 5,
			"readable_name": "Popcorn For Breakfast",
			"next_book_id": 54
		},
		{
			"id": 54,
			"name": "LemonadeStand",
			"active": 1,
			"sound_path": "Story 19 Lemonade Stand",
			"book_level": 5,
			"readable_name": "Lemonade Stand",
			"next_book_id": 55
		},
		{
			"id": 55,
			"name": "TheSoccerBallCake",
			"active": 1,
			"sound_path": "Story 20 The Soccer Ball Cake",
			"book_level": 5,
			"readable_name": "The Soccer Ball Cake",
			"next_book_id": 56
		},
		{
			"id": 56,
			"name": "HotChocolate",
			"active": 1,
			"sound_path": "Story 21 Hot Chocolate",
			"book_level": 6,
			"readable_name": "Hot Chocolate",
			"next_book_id": 57
		},
		{
			"id": 57,
			"name": "JazminsNecklace",
			"active": 1,
			"sound_path": "Story 22 Jazmins Necklace",
			"book_level": 6,
			"readable_name": "Jazmin's Necklace",
			"next_book_id": 58
		},
		{
			"id": 58,
			"name": "TakeMyPicturePlease",
			"active": 1,
			"sound_path": "Story 23 Take My Picture Please",
			"book_level": 6,
			"readable_name": "Take My Picture Please",
			"next_book_id": 59
		},
		{
			"id": 59,
			"name": "KokoTheHorse",
			"active": 1,
			"sound_path": "Story 24 Koko The Horse",
			"book_level": 6,
			"readable_name": "Koko The Horse",
			"next_book_id": 60
		},
		{
			"id": 60,
			"name": "NewShoesForTommy",
			"active": 1,
			"sound_path": "Story 25 New Shoes For Tommy",
			"book_level": 6,
			"readable_name": "New Shoes For Tommy",
			"next_book_id": 61
		},
		{
			"id": 61,
			"name": "TheTireSwing",
			"active": 1,
			"sound_path": "Story 26 The Tire Swing",
			"book_level": 6,
			"readable_name": "The Tire Swing",
			"next_book_id": 62
		},
		{
			"id": 62,
			"name": "TommysPuzzle",
			"active": 1,
			"sound_path": "Story 27 Tommys Puzzle",
			"book_level": 6,
			"readable_name": "Tommy's Puzzle",
			"next_book_id": 63
		},
		{
			"id": 63,
			"name": "SingingToTheGoldfish",
			"active": 1,
			"sound_path": "Story 28 Singing to the Goldfish",
			"book_level": 6,
			"readable_name": "Singing to the Goldfish",
			"next_book_id": 64
		},
		{
			"id": 64,
			"name": "MicrowaveOpps",
			"active": 1,
			"sound_path": "Story 29 Microwave Oops",
			"book_level": 6,
			"readable_name": "Microwave Oops",
			"next_book_id": 65
		},
		{
			"id": 65,
			"name": "SnowballInTheSnow",
			"active": 1,
			"sound_path": "Story 30 Snowball in the Snow",
			"book_level": 6,
			"readable_name": "Snowball in the Snow",
			"next_book_id": 66
		},
		{
			"id": 66,
			"name": "HungryBabyBirds",
			"active": 1,
			"sound_path": "Story 31 Hungry Baby Birds",
			"book_level": 7,
			"readable_name": "Hungry Baby Birds",
			"next_book_id": 67
		},
		{
			"id": 67,
			"name": "TreysNewGlasses",
			"active": 1,
			"sound_path": "Story 32 Treys New Glasses",
			"book_level": 7,
			"readable_name": "Trey's New Glasses",
			"next_book_id": 68
		},
		{
			"id": 68,
			"name": "JazminsBadDay",
			"active": 1,
			"sound_path": "Story 33 Jazmins Bad Day",
			"book_level": 7,
			"readable_name": "Jazmin's Bad Day",
			"next_book_id": 69
		},
		{
			"id": 69,
			"name": "CrazyHair",
			"active": 1,
			"sound_path": "Story 34 Crazy Hair",
			"book_level": 7,
			"readable_name": "Crazy Hair",
			"next_book_id": 70
		},
		{
			"id": 70,
			"name": "HotAirBalloon",
			"active": 1,
			"sound_path": "Story 35 The Hot Air Balloon",
			"book_level": 7,
			"readable_name": "The Hot Air Balloon",
			"next_book_id": 71
		},
		{
			"id": 71,
			"name": "TheMoonBounce",
			"active": 1,
			"sound_path": "Story 36 The Moon Bounce",
			"book_level": 7,
			"readable_name": "The Moon Bounce",
			"next_book_id": 72
		},
		{
			"id": 72,
			"name": "Swerve",
			"active": 1,
			"sound_path": "Story 37 Swerve",
			"book_level": 7,
			"readable_name": "Swerve",
			"next_book_id": 73
		},
		{
			"id": 73,
			"name": "TheFireStation",
			"active": 1,
			"sound_path": "Story 38 The Fire Station",
			"book_level": 7,
			"readable_name": "The Fire Station",
			"next_book_id": 74
		},
		{
			"id": 74,
			"name": "GoHomeLittleFriend",
			"active": 1,
			"sound_path": "Story 39 Go Home Little Friend",
			"book_level": 7,
			"readable_name": "Go Home Little Friend",
			"next_book_id": 75
		},
		{
			"id": 75,
			"name": "HelpingDadPaint",
			"active": 1,
			"sound_path": "Story 40 Helping Dad Paint",
			"book_level": 7,
			"readable_name": "Helping Dad Paint",
			"next_book_id": 76
		},
		{
			"id": 76,
			"name": "penguinsandbears",
			"active": 1,
			"sound_path": "Story 41 Penguins & Polar Bears",
			"book_level": 8,
			"readable_name": "Penguins & Polar Bears",
			"next_book_id": 77
		},
		{
			"id": 77,
			"name": "ooeygooeyart",
			"active": 1,
			"sound_path": "Story 42 Art in the Park",
			"book_level": 8,
			"readable_name": "Art in the Park",
			"next_book_id": 78
		},
		{
			"id": 78,
			"name": "fitnessfun",
			"active": 1,
			"sound_path": "Story 43 Fitness Fun",
			"book_level": 8,
			"readable_name": "Fitness Fun",
			"next_book_id": 79
		},
		{
			"id": 79,
			"name": "gogreen",
			"active": 1,
			"sound_path": "Story 44 Go Green",
			"book_level": 8,
			"readable_name": "Go Green",
			"next_book_id": 80
		},
		{
			"id": 80,
			"name": "bugsandinsects",
			"active": 1,
			"sound_path": "Story 45 Bugs and Insects",
			"book_level": 8,
			"readable_name": "Bugs and Insects",
			"next_book_id": 81
		},
		{
			"id": 81,
			"name": "TheTreehouseBookClub",
			"active": 1,
			"sound_path": "Story 46 The Treehouse Book Club",
			"book_level": 8,
			"readable_name": "The Treehouse Book Club",
			"next_book_id": 82
		},
		{
			"id": 82,
			"name": "TheThreeLittlePigs",
			"active": 1,
			"sound_path": "Story 47 The Three Little Pigs",
			"book_level": 8,
			"readable_name": "The Three Little Pigs",
			"next_book_id": 83
		},
		{
			"id": 83,
			"name": "GoldilocksAndTheThreeBears",
			"active": 1,
			"sound_path": "Story 48 Goldilocks and the Three Bears",
			"book_level": 8,
			"readable_name": "Goldilocks and the Three Bears",
			"next_book_id": 84
		},
		{
			"id": 84,
			"name": "LittleRedandtheBigBadWolf",
			"active": 1,
			"sound_path": "Story 49 Little Red and the Big Bad Wolf",
			"book_level": 8,
			"readable_name": "Little Red and the Big Bad Wolf",
			"next_book_id": 85
		},
		{
			"id": 85,
			"name": "TheGingerbreadMan",
			"active": 1,
			"sound_path": "Story 50 The Gingerbread Man",
			"book_level": 8,
			"readable_name": "The Gingerbread Man",
			"next_book_id": null
		}
	]
}