{
	"data":
	[
		{
			"id": 2,
			"page_number": 1,
			"active": 1,
			"book_id": 1
		},
		{
			"id": 3,
			"page_number": 2,
			"active": 1,
			"book_id": 1
		},
		{
			"id": 4,
			"page_number": 3,
			"active": 1,
			"book_id": 1
		},
		{
			"id": 5,
			"page_number": 4,
			"active": 1,
			"book_id": 1
		},
		{
			"id": 6,
			"page_number": 5,
			"active": 1,
			"book_id": 1
		},
		{
			"id": 7,
			"page_number": 6,
			"active": 1,
			"book_id": 1
		},
		{
			"id": 8,
			"page_number": 7,
			"active": 1,
			"book_id": 1
		},
		{
			"id": 11,
			"page_number": 1,
			"active": 1,
			"book_id": 2
		},
		{
			"id": 12,
			"page_number": 2,
			"active": 1,
			"book_id": 2
		},
		{
			"id": 13,
			"page_number": 3,
			"active": 1,
			"book_id": 2
		},
		{
			"id": 14,
			"page_number": 4,
			"active": 1,
			"book_id": 2
		},
		{
			"id": 15,
			"page_number": 5,
			"active": 1,
			"book_id": 2
		},
		{
			"id": 16,
			"page_number": 6,
			"active": 1,
			"book_id": 2
		},
		{
			"id": 17,
			"page_number": 7,
			"active": 1,
			"book_id": 2
		},
		{
			"id": 20,
			"page_number": 0,
			"active": 1,
			"book_id": 1
		},
		{
			"id": 21,
			"page_number": 0,
			"active": 1,
			"book_id": 2
		},
		{
			"id": 22,
			"page_number": 0,
			"active": 1,
			"book_id": 3
		},
		{
			"id": 23,
			"page_number": 1,
			"active": 1,
			"book_id": 3
		},
		{
			"id": 24,
			"page_number": 2,
			"active": 1,
			"book_id": 3
		},
		{
			"id": 25,
			"page_number": 3,
			"active": 1,
			"book_id": 3
		},
		{
			"id": 26,
			"page_number": 4,
			"active": 1,
			"book_id": 3
		},
		{
			"id": 27,
			"page_number": 5,
			"active": 1,
			"book_id": 3
		},
		{
			"id": 28,
			"page_number": 6,
			"active": 1,
			"book_id": 3
		},
		{
			"id": 29,
			"page_number": 7,
			"active": 1,
			"book_id": 3
		},
		{
			"id": 30,
			"page_number": 0,
			"active": 1,
			"book_id": 4
		},
		{
			"id": 31,
			"page_number": 1,
			"active": 1,
			"book_id": 4
		},
		{
			"id": 32,
			"page_number": 2,
			"active": 1,
			"book_id": 4
		},
		{
			"id": 33,
			"page_number": 3,
			"active": 1,
			"book_id": 4
		},
		{
			"id": 34,
			"page_number": 4,
			"active": 1,
			"book_id": 4
		},
		{
			"id": 35,
			"page_number": 5,
			"active": 1,
			"book_id": 4
		},
		{
			"id": 36,
			"page_number": 6,
			"active": 1,
			"book_id": 4
		},
		{
			"id": 37,
			"page_number": 7,
			"active": 1,
			"book_id": 4
		},
		{
			"id": 38,
			"page_number": 0,
			"active": 1,
			"book_id": 5
		},
		{
			"id": 39,
			"page_number": 1,
			"active": 1,
			"book_id": 5
		},
		{
			"id": 40,
			"page_number": 2,
			"active": 1,
			"book_id": 5
		},
		{
			"id": 41,
			"page_number": 3,
			"active": 1,
			"book_id": 5
		},
		{
			"id": 42,
			"page_number": 4,
			"active": 1,
			"book_id": 5
		},
		{
			"id": 43,
			"page_number": 5,
			"active": 1,
			"book_id": 5
		},
		{
			"id": 44,
			"page_number": 6,
			"active": 1,
			"book_id": 5
		},
		{
			"id": 45,
			"page_number": 7,
			"active": 1,
			"book_id": 5
		},
		{
			"id": 46,
			"page_number": 0,
			"active": 1,
			"book_id": 6
		},
		{
			"id": 47,
			"page_number": 1,
			"active": 1,
			"book_id": 6
		},
		{
			"id": 48,
			"page_number": 2,
			"active": 1,
			"book_id": 6
		},
		{
			"id": 49,
			"page_number": 3,
			"active": 1,
			"book_id": 6
		},
		{
			"id": 50,
			"page_number": 4,
			"active": 1,
			"book_id": 6
		},
		{
			"id": 51,
			"page_number": 5,
			"active": 1,
			"book_id": 6
		},
		{
			"id": 52,
			"page_number": 6,
			"active": 1,
			"book_id": 6
		},
		{
			"id": 53,
			"page_number": 7,
			"active": 1,
			"book_id": 6
		},
		{
			"id": 54,
			"page_number": 0,
			"active": 1,
			"book_id": 7
		},
		{
			"id": 55,
			"page_number": 1,
			"active": 1,
			"book_id": 7
		},
		{
			"id": 56,
			"page_number": 2,
			"active": 1,
			"book_id": 7
		},
		{
			"id": 57,
			"page_number": 3,
			"active": 1,
			"book_id": 7
		},
		{
			"id": 58,
			"page_number": 4,
			"active": 1,
			"book_id": 7
		},
		{
			"id": 59,
			"page_number": 5,
			"active": 1,
			"book_id": 7
		},
		{
			"id": 60,
			"page_number": 6,
			"active": 1,
			"book_id": 7
		},
		{
			"id": 61,
			"page_number": 7,
			"active": 1,
			"book_id": 7
		},
		{
			"id": 62,
			"page_number": 0,
			"active": 1,
			"book_id": 8
		},
		{
			"id": 63,
			"page_number": 1,
			"active": 1,
			"book_id": 8
		},
		{
			"id": 64,
			"page_number": 2,
			"active": 1,
			"book_id": 8
		},
		{
			"id": 65,
			"page_number": 3,
			"active": 1,
			"book_id": 8
		},
		{
			"id": 66,
			"page_number": 4,
			"active": 1,
			"book_id": 8
		},
		{
			"id": 67,
			"page_number": 5,
			"active": 1,
			"book_id": 8
		},
		{
			"id": 68,
			"page_number": 6,
			"active": 1,
			"book_id": 8
		},
		{
			"id": 69,
			"page_number": 7,
			"active": 1,
			"book_id": 8
		},
		{
			"id": 70,
			"page_number": 0,
			"active": 1,
			"book_id": 9
		},
		{
			"id": 71,
			"page_number": 1,
			"active": 1,
			"book_id": 9
		},
		{
			"id": 72,
			"page_number": 2,
			"active": 1,
			"book_id": 9
		},
		{
			"id": 73,
			"page_number": 3,
			"active": 1,
			"book_id": 9
		},
		{
			"id": 74,
			"page_number": 4,
			"active": 1,
			"book_id": 9
		},
		{
			"id": 75,
			"page_number": 5,
			"active": 1,
			"book_id": 9
		},
		{
			"id": 76,
			"page_number": 6,
			"active": 1,
			"book_id": 9
		},
		{
			"id": 77,
			"page_number": 7,
			"active": 1,
			"book_id": 9
		},
		{
			"id": 78,
			"page_number": 0,
			"active": 1,
			"book_id": 10
		},
		{
			"id": 79,
			"page_number": 1,
			"active": 1,
			"book_id": 10
		},
		{
			"id": 80,
			"page_number": 2,
			"active": 1,
			"book_id": 10
		},
		{
			"id": 81,
			"page_number": 3,
			"active": 1,
			"book_id": 10
		},
		{
			"id": 82,
			"page_number": 4,
			"active": 1,
			"book_id": 10
		},
		{
			"id": 83,
			"page_number": 5,
			"active": 1,
			"book_id": 10
		},
		{
			"id": 84,
			"page_number": 6,
			"active": 1,
			"book_id": 10
		},
		{
			"id": 85,
			"page_number": 7,
			"active": 1,
			"book_id": 10
		},
		{
			"id": 86,
			"page_number": 0,
			"active": 1,
			"book_id": 11
		},
		{
			"id": 87,
			"page_number": 1,
			"active": 1,
			"book_id": 11
		},
		{
			"id": 88,
			"page_number": 2,
			"active": 1,
			"book_id": 11
		},
		{
			"id": 89,
			"page_number": 3,
			"active": 1,
			"book_id": 11
		},
		{
			"id": 90,
			"page_number": 4,
			"active": 1,
			"book_id": 11
		},
		{
			"id": 91,
			"page_number": 5,
			"active": 1,
			"book_id": 11
		},
		{
			"id": 92,
			"page_number": 6,
			"active": 1,
			"book_id": 11
		},
		{
			"id": 93,
			"page_number": 7,
			"active": 1,
			"book_id": 11
		},
		{
			"id": 94,
			"page_number": 0,
			"active": 1,
			"book_id": 12
		},
		{
			"id": 95,
			"page_number": 1,
			"active": 1,
			"book_id": 12
		},
		{
			"id": 96,
			"page_number": 2,
			"active": 1,
			"book_id": 12
		},
		{
			"id": 97,
			"page_number": 3,
			"active": 1,
			"book_id": 12
		},
		{
			"id": 98,
			"page_number": 4,
			"active": 1,
			"book_id": 12
		},
		{
			"id": 99,
			"page_number": 5,
			"active": 1,
			"book_id": 12
		},
		{
			"id": 100,
			"page_number": 6,
			"active": 1,
			"book_id": 12
		},
		{
			"id": 101,
			"page_number": 7,
			"active": 1,
			"book_id": 12
		},
		{
			"id": 102,
			"page_number": 0,
			"active": 1,
			"book_id": 13
		},
		{
			"id": 103,
			"page_number": 1,
			"active": 1,
			"book_id": 13
		},
		{
			"id": 104,
			"page_number": 2,
			"active": 1,
			"book_id": 13
		},
		{
			"id": 105,
			"page_number": 3,
			"active": 1,
			"book_id": 13
		},
		{
			"id": 106,
			"page_number": 4,
			"active": 1,
			"book_id": 13
		},
		{
			"id": 107,
			"page_number": 5,
			"active": 1,
			"book_id": 13
		},
		{
			"id": 108,
			"page_number": 6,
			"active": 1,
			"book_id": 13
		},
		{
			"id": 109,
			"page_number": 7,
			"active": 1,
			"book_id": 13
		},
		{
			"id": 110,
			"page_number": 0,
			"active": 1,
			"book_id": 14
		},
		{
			"id": 111,
			"page_number": 1,
			"active": 1,
			"book_id": 14
		},
		{
			"id": 112,
			"page_number": 2,
			"active": 1,
			"book_id": 14
		},
		{
			"id": 113,
			"page_number": 3,
			"active": 1,
			"book_id": 14
		},
		{
			"id": 114,
			"page_number": 4,
			"active": 1,
			"book_id": 14
		},
		{
			"id": 115,
			"page_number": 5,
			"active": 1,
			"book_id": 14
		},
		{
			"id": 116,
			"page_number": 6,
			"active": 1,
			"book_id": 14
		},
		{
			"id": 117,
			"page_number": 7,
			"active": 1,
			"book_id": 14
		},
		{
			"id": 118,
			"page_number": 0,
			"active": 1,
			"book_id": 15
		},
		{
			"id": 119,
			"page_number": 1,
			"active": 1,
			"book_id": 15
		},
		{
			"id": 120,
			"page_number": 2,
			"active": 1,
			"book_id": 15
		},
		{
			"id": 121,
			"page_number": 3,
			"active": 1,
			"book_id": 15
		},
		{
			"id": 122,
			"page_number": 4,
			"active": 1,
			"book_id": 15
		},
		{
			"id": 123,
			"page_number": 5,
			"active": 1,
			"book_id": 15
		},
		{
			"id": 124,
			"page_number": 6,
			"active": 1,
			"book_id": 15
		},
		{
			"id": 125,
			"page_number": 7,
			"active": 1,
			"book_id": 15
		},
		{
			"id": 126,
			"page_number": 0,
			"active": 1,
			"book_id": 16
		},
		{
			"id": 127,
			"page_number": 1,
			"active": 1,
			"book_id": 16
		},
		{
			"id": 128,
			"page_number": 2,
			"active": 1,
			"book_id": 16
		},
		{
			"id": 129,
			"page_number": 3,
			"active": 1,
			"book_id": 16
		},
		{
			"id": 130,
			"page_number": 4,
			"active": 1,
			"book_id": 16
		},
		{
			"id": 131,
			"page_number": 5,
			"active": 1,
			"book_id": 16
		},
		{
			"id": 132,
			"page_number": 6,
			"active": 1,
			"book_id": 16
		},
		{
			"id": 133,
			"page_number": 7,
			"active": 1,
			"book_id": 16
		},
		{
			"id": 134,
			"page_number": 0,
			"active": 1,
			"book_id": 17
		},
		{
			"id": 135,
			"page_number": 1,
			"active": 1,
			"book_id": 17
		},
		{
			"id": 136,
			"page_number": 2,
			"active": 1,
			"book_id": 17
		},
		{
			"id": 137,
			"page_number": 3,
			"active": 1,
			"book_id": 17
		},
		{
			"id": 138,
			"page_number": 4,
			"active": 1,
			"book_id": 17
		},
		{
			"id": 139,
			"page_number": 5,
			"active": 1,
			"book_id": 17
		},
		{
			"id": 140,
			"page_number": 6,
			"active": 1,
			"book_id": 17
		},
		{
			"id": 141,
			"page_number": 7,
			"active": 1,
			"book_id": 17
		},
		{
			"id": 142,
			"page_number": 0,
			"active": 1,
			"book_id": 18
		},
		{
			"id": 143,
			"page_number": 1,
			"active": 1,
			"book_id": 18
		},
		{
			"id": 144,
			"page_number": 2,
			"active": 1,
			"book_id": 18
		},
		{
			"id": 145,
			"page_number": 3,
			"active": 1,
			"book_id": 18
		},
		{
			"id": 146,
			"page_number": 4,
			"active": 1,
			"book_id": 18
		},
		{
			"id": 147,
			"page_number": 5,
			"active": 1,
			"book_id": 18
		},
		{
			"id": 148,
			"page_number": 6,
			"active": 1,
			"book_id": 18
		},
		{
			"id": 149,
			"page_number": 7,
			"active": 1,
			"book_id": 18
		},
		{
			"id": 150,
			"page_number": 0,
			"active": 1,
			"book_id": 19
		},
		{
			"id": 151,
			"page_number": 1,
			"active": 1,
			"book_id": 19
		},
		{
			"id": 152,
			"page_number": 2,
			"active": 1,
			"book_id": 19
		},
		{
			"id": 153,
			"page_number": 3,
			"active": 1,
			"book_id": 19
		},
		{
			"id": 154,
			"page_number": 4,
			"active": 1,
			"book_id": 19
		},
		{
			"id": 155,
			"page_number": 5,
			"active": 1,
			"book_id": 19
		},
		{
			"id": 156,
			"page_number": 6,
			"active": 1,
			"book_id": 19
		},
		{
			"id": 157,
			"page_number": 7,
			"active": 1,
			"book_id": 19
		},
		{
			"id": 158,
			"page_number": 0,
			"active": 1,
			"book_id": 20
		},
		{
			"id": 159,
			"page_number": 1,
			"active": 1,
			"book_id": 20
		},
		{
			"id": 160,
			"page_number": 2,
			"active": 1,
			"book_id": 20
		},
		{
			"id": 161,
			"page_number": 3,
			"active": 1,
			"book_id": 20
		},
		{
			"id": 162,
			"page_number": 4,
			"active": 1,
			"book_id": 20
		},
		{
			"id": 163,
			"page_number": 5,
			"active": 1,
			"book_id": 20
		},
		{
			"id": 164,
			"page_number": 6,
			"active": 1,
			"book_id": 20
		},
		{
			"id": 165,
			"page_number": 7,
			"active": 1,
			"book_id": 20
		},
		{
			"id": 166,
			"page_number": 0,
			"active": 1,
			"book_id": 21
		},
		{
			"id": 167,
			"page_number": 1,
			"active": 1,
			"book_id": 21
		},
		{
			"id": 168,
			"page_number": 2,
			"active": 1,
			"book_id": 21
		},
		{
			"id": 169,
			"page_number": 3,
			"active": 1,
			"book_id": 21
		},
		{
			"id": 170,
			"page_number": 4,
			"active": 1,
			"book_id": 21
		},
		{
			"id": 171,
			"page_number": 5,
			"active": 1,
			"book_id": 21
		},
		{
			"id": 172,
			"page_number": 6,
			"active": 1,
			"book_id": 21
		},
		{
			"id": 173,
			"page_number": 7,
			"active": 1,
			"book_id": 21
		},
		{
			"id": 174,
			"page_number": 0,
			"active": 1,
			"book_id": 22
		},
		{
			"id": 175,
			"page_number": 1,
			"active": 1,
			"book_id": 22
		},
		{
			"id": 176,
			"page_number": 2,
			"active": 1,
			"book_id": 22
		},
		{
			"id": 177,
			"page_number": 3,
			"active": 1,
			"book_id": 22
		},
		{
			"id": 178,
			"page_number": 4,
			"active": 1,
			"book_id": 22
		},
		{
			"id": 179,
			"page_number": 5,
			"active": 1,
			"book_id": 22
		},
		{
			"id": 180,
			"page_number": 6,
			"active": 1,
			"book_id": 22
		},
		{
			"id": 181,
			"page_number": 7,
			"active": 1,
			"book_id": 22
		},
		{
			"id": 182,
			"page_number": 0,
			"active": 1,
			"book_id": 23
		},
		{
			"id": 183,
			"page_number": 1,
			"active": 1,
			"book_id": 23
		},
		{
			"id": 184,
			"page_number": 2,
			"active": 1,
			"book_id": 23
		},
		{
			"id": 185,
			"page_number": 3,
			"active": 1,
			"book_id": 23
		},
		{
			"id": 186,
			"page_number": 4,
			"active": 1,
			"book_id": 23
		},
		{
			"id": 187,
			"page_number": 5,
			"active": 1,
			"book_id": 23
		},
		{
			"id": 188,
			"page_number": 6,
			"active": 1,
			"book_id": 23
		},
		{
			"id": 189,
			"page_number": 7,
			"active": 1,
			"book_id": 23
		},
		{
			"id": 190,
			"page_number": 0,
			"active": 1,
			"book_id": 24
		},
		{
			"id": 191,
			"page_number": 1,
			"active": 1,
			"book_id": 24
		},
		{
			"id": 192,
			"page_number": 2,
			"active": 1,
			"book_id": 24
		},
		{
			"id": 193,
			"page_number": 3,
			"active": 1,
			"book_id": 24
		},
		{
			"id": 194,
			"page_number": 4,
			"active": 1,
			"book_id": 24
		},
		{
			"id": 195,
			"page_number": 5,
			"active": 1,
			"book_id": 24
		},
		{
			"id": 196,
			"page_number": 6,
			"active": 1,
			"book_id": 24
		},
		{
			"id": 197,
			"page_number": 7,
			"active": 1,
			"book_id": 24
		},
		{
			"id": 198,
			"page_number": 0,
			"active": 1,
			"book_id": 25
		},
		{
			"id": 199,
			"page_number": 1,
			"active": 1,
			"book_id": 25
		},
		{
			"id": 200,
			"page_number": 2,
			"active": 1,
			"book_id": 25
		},
		{
			"id": 201,
			"page_number": 3,
			"active": 1,
			"book_id": 25
		},
		{
			"id": 202,
			"page_number": 4,
			"active": 1,
			"book_id": 25
		},
		{
			"id": 203,
			"page_number": 5,
			"active": 1,
			"book_id": 25
		},
		{
			"id": 204,
			"page_number": 6,
			"active": 1,
			"book_id": 25
		},
		{
			"id": 205,
			"page_number": 7,
			"active": 1,
			"book_id": 25
		},
		{
			"id": 206,
			"page_number": 0,
			"active": 1,
			"book_id": 26
		},
		{
			"id": 207,
			"page_number": 1,
			"active": 1,
			"book_id": 26
		},
		{
			"id": 208,
			"page_number": 2,
			"active": 1,
			"book_id": 26
		},
		{
			"id": 209,
			"page_number": 3,
			"active": 1,
			"book_id": 26
		},
		{
			"id": 210,
			"page_number": 4,
			"active": 1,
			"book_id": 26
		},
		{
			"id": 211,
			"page_number": 5,
			"active": 1,
			"book_id": 26
		},
		{
			"id": 212,
			"page_number": 6,
			"active": 1,
			"book_id": 26
		},
		{
			"id": 213,
			"page_number": 7,
			"active": 1,
			"book_id": 26
		},
		{
			"id": 214,
			"page_number": 8,
			"active": 1,
			"book_id": 26
		},
		{
			"id": 215,
			"page_number": 0,
			"active": 1,
			"book_id": 27
		},
		{
			"id": 216,
			"page_number": 1,
			"active": 1,
			"book_id": 27
		},
		{
			"id": 217,
			"page_number": 2,
			"active": 1,
			"book_id": 27
		},
		{
			"id": 218,
			"page_number": 3,
			"active": 1,
			"book_id": 27
		},
		{
			"id": 219,
			"page_number": 4,
			"active": 1,
			"book_id": 27
		},
		{
			"id": 220,
			"page_number": 5,
			"active": 1,
			"book_id": 27
		},
		{
			"id": 221,
			"page_number": 6,
			"active": 1,
			"book_id": 27
		},
		{
			"id": 222,
			"page_number": 7,
			"active": 1,
			"book_id": 27
		},
		{
			"id": 223,
			"page_number": 8,
			"active": 1,
			"book_id": 27
		},
		{
			"id": 224,
			"page_number": 0,
			"active": 1,
			"book_id": 28
		},
		{
			"id": 225,
			"page_number": 1,
			"active": 1,
			"book_id": 28
		},
		{
			"id": 226,
			"page_number": 2,
			"active": 1,
			"book_id": 28
		},
		{
			"id": 227,
			"page_number": 3,
			"active": 1,
			"book_id": 28
		},
		{
			"id": 228,
			"page_number": 4,
			"active": 1,
			"book_id": 28
		},
		{
			"id": 229,
			"page_number": 5,
			"active": 1,
			"book_id": 28
		},
		{
			"id": 230,
			"page_number": 6,
			"active": 1,
			"book_id": 28
		},
		{
			"id": 231,
			"page_number": 7,
			"active": 1,
			"book_id": 28
		},
		{
			"id": 232,
			"page_number": 8,
			"active": 1,
			"book_id": 28
		},
		{
			"id": 233,
			"page_number": 0,
			"active": 1,
			"book_id": 29
		},
		{
			"id": 234,
			"page_number": 1,
			"active": 1,
			"book_id": 29
		},
		{
			"id": 235,
			"page_number": 2,
			"active": 1,
			"book_id": 29
		},
		{
			"id": 236,
			"page_number": 3,
			"active": 1,
			"book_id": 29
		},
		{
			"id": 237,
			"page_number": 4,
			"active": 1,
			"book_id": 29
		},
		{
			"id": 238,
			"page_number": 5,
			"active": 1,
			"book_id": 29
		},
		{
			"id": 239,
			"page_number": 6,
			"active": 1,
			"book_id": 29
		},
		{
			"id": 240,
			"page_number": 7,
			"active": 1,
			"book_id": 29
		},
		{
			"id": 241,
			"page_number": 8,
			"active": 1,
			"book_id": 29
		},
		{
			"id": 242,
			"page_number": 0,
			"active": 1,
			"book_id": 30
		},
		{
			"id": 243,
			"page_number": 1,
			"active": 1,
			"book_id": 30
		},
		{
			"id": 244,
			"page_number": 2,
			"active": 1,
			"book_id": 30
		},
		{
			"id": 245,
			"page_number": 3,
			"active": 1,
			"book_id": 30
		},
		{
			"id": 246,
			"page_number": 4,
			"active": 1,
			"book_id": 30
		},
		{
			"id": 247,
			"page_number": 5,
			"active": 1,
			"book_id": 30
		},
		{
			"id": 248,
			"page_number": 6,
			"active": 1,
			"book_id": 30
		},
		{
			"id": 249,
			"page_number": 7,
			"active": 1,
			"book_id": 30
		},
		{
			"id": 250,
			"page_number": 8,
			"active": 1,
			"book_id": 30
		},
		{
			"id": 251,
			"page_number": 0,
			"active": 1,
			"book_id": 31
		},
		{
			"id": 252,
			"page_number": 1,
			"active": 1,
			"book_id": 31
		},
		{
			"id": 253,
			"page_number": 2,
			"active": 1,
			"book_id": 31
		},
		{
			"id": 254,
			"page_number": 3,
			"active": 1,
			"book_id": 31
		},
		{
			"id": 255,
			"page_number": 4,
			"active": 1,
			"book_id": 31
		},
		{
			"id": 256,
			"page_number": 5,
			"active": 1,
			"book_id": 31
		},
		{
			"id": 257,
			"page_number": 6,
			"active": 1,
			"book_id": 31
		},
		{
			"id": 258,
			"page_number": 7,
			"active": 1,
			"book_id": 31
		},
		{
			"id": 259,
			"page_number": 8,
			"active": 1,
			"book_id": 31
		},
		{
			"id": 260,
			"page_number": 0,
			"active": 1,
			"book_id": 32
		},
		{
			"id": 261,
			"page_number": 1,
			"active": 1,
			"book_id": 32
		},
		{
			"id": 262,
			"page_number": 2,
			"active": 1,
			"book_id": 32
		},
		{
			"id": 263,
			"page_number": 3,
			"active": 1,
			"book_id": 32
		},
		{
			"id": 264,
			"page_number": 4,
			"active": 1,
			"book_id": 32
		},
		{
			"id": 265,
			"page_number": 5,
			"active": 1,
			"book_id": 32
		},
		{
			"id": 266,
			"page_number": 6,
			"active": 1,
			"book_id": 32
		},
		{
			"id": 267,
			"page_number": 7,
			"active": 1,
			"book_id": 32
		},
		{
			"id": 268,
			"page_number": 8,
			"active": 1,
			"book_id": 32
		},
		{
			"id": 269,
			"page_number": 0,
			"active": 1,
			"book_id": 33
		},
		{
			"id": 270,
			"page_number": 1,
			"active": 1,
			"book_id": 33
		},
		{
			"id": 271,
			"page_number": 2,
			"active": 1,
			"book_id": 33
		},
		{
			"id": 272,
			"page_number": 3,
			"active": 1,
			"book_id": 33
		},
		{
			"id": 273,
			"page_number": 4,
			"active": 1,
			"book_id": 33
		},
		{
			"id": 274,
			"page_number": 5,
			"active": 1,
			"book_id": 33
		},
		{
			"id": 275,
			"page_number": 6,
			"active": 1,
			"book_id": 33
		},
		{
			"id": 276,
			"page_number": 7,
			"active": 1,
			"book_id": 33
		},
		{
			"id": 277,
			"page_number": 8,
			"active": 1,
			"book_id": 33
		},
		{
			"id": 278,
			"page_number": 0,
			"active": 1,
			"book_id": 34
		},
		{
			"id": 279,
			"page_number": 1,
			"active": 1,
			"book_id": 34
		},
		{
			"id": 280,
			"page_number": 2,
			"active": 1,
			"book_id": 34
		},
		{
			"id": 281,
			"page_number": 3,
			"active": 1,
			"book_id": 34
		},
		{
			"id": 282,
			"page_number": 4,
			"active": 1,
			"book_id": 34
		},
		{
			"id": 283,
			"page_number": 5,
			"active": 1,
			"book_id": 34
		},
		{
			"id": 284,
			"page_number": 6,
			"active": 1,
			"book_id": 34
		},
		{
			"id": 285,
			"page_number": 7,
			"active": 1,
			"book_id": 34
		},
		{
			"id": 286,
			"page_number": 8,
			"active": 1,
			"book_id": 34
		},
		{
			"id": 287,
			"page_number": 0,
			"active": 1,
			"book_id": 35
		},
		{
			"id": 288,
			"page_number": 1,
			"active": 1,
			"book_id": 35
		},
		{
			"id": 289,
			"page_number": 2,
			"active": 1,
			"book_id": 35
		},
		{
			"id": 290,
			"page_number": 3,
			"active": 1,
			"book_id": 35
		},
		{
			"id": 291,
			"page_number": 4,
			"active": 1,
			"book_id": 35
		},
		{
			"id": 292,
			"page_number": 5,
			"active": 1,
			"book_id": 35
		},
		{
			"id": 293,
			"page_number": 6,
			"active": 1,
			"book_id": 35
		},
		{
			"id": 294,
			"page_number": 7,
			"active": 1,
			"book_id": 35
		},
		{
			"id": 295,
			"page_number": 8,
			"active": 1,
			"book_id": 35
		},
		{
			"id": 314,
			"page_number": 0,
			"active": 1,
			"book_id": 36
		},
		{
			"id": 315,
			"page_number": 1,
			"active": 1,
			"book_id": 36
		},
		{
			"id": 316,
			"page_number": 2,
			"active": 1,
			"book_id": 36
		},
		{
			"id": 317,
			"page_number": 3,
			"active": 1,
			"book_id": 36
		},
		{
			"id": 318,
			"page_number": 4,
			"active": 1,
			"book_id": 36
		},
		{
			"id": 319,
			"page_number": 5,
			"active": 1,
			"book_id": 36
		},
		{
			"id": 320,
			"page_number": 6,
			"active": 1,
			"book_id": 36
		},
		{
			"id": 321,
			"page_number": 7,
			"active": 1,
			"book_id": 36
		},
		{
			"id": 322,
			"page_number": 8,
			"active": 1,
			"book_id": 36
		},
		{
			"id": 323,
			"page_number": 0,
			"active": 1,
			"book_id": 37
		},
		{
			"id": 324,
			"page_number": 1,
			"active": 1,
			"book_id": 37
		},
		{
			"id": 325,
			"page_number": 2,
			"active": 1,
			"book_id": 37
		},
		{
			"id": 326,
			"page_number": 3,
			"active": 1,
			"book_id": 37
		},
		{
			"id": 327,
			"page_number": 4,
			"active": 1,
			"book_id": 37
		},
		{
			"id": 328,
			"page_number": 5,
			"active": 1,
			"book_id": 37
		},
		{
			"id": 329,
			"page_number": 6,
			"active": 1,
			"book_id": 37
		},
		{
			"id": 330,
			"page_number": 7,
			"active": 1,
			"book_id": 37
		},
		{
			"id": 331,
			"page_number": 8,
			"active": 1,
			"book_id": 37
		},
		{
			"id": 332,
			"page_number": 0,
			"active": 1,
			"book_id": 38
		},
		{
			"id": 333,
			"page_number": 1,
			"active": 1,
			"book_id": 38
		},
		{
			"id": 334,
			"page_number": 2,
			"active": 1,
			"book_id": 38
		},
		{
			"id": 335,
			"page_number": 3,
			"active": 1,
			"book_id": 38
		},
		{
			"id": 336,
			"page_number": 4,
			"active": 1,
			"book_id": 38
		},
		{
			"id": 337,
			"page_number": 5,
			"active": 1,
			"book_id": 38
		},
		{
			"id": 338,
			"page_number": 6,
			"active": 1,
			"book_id": 38
		},
		{
			"id": 339,
			"page_number": 7,
			"active": 1,
			"book_id": 38
		},
		{
			"id": 340,
			"page_number": 8,
			"active": 1,
			"book_id": 38
		},
		{
			"id": 341,
			"page_number": 0,
			"active": 1,
			"book_id": 39
		},
		{
			"id": 342,
			"page_number": 1,
			"active": 1,
			"book_id": 39
		},
		{
			"id": 343,
			"page_number": 2,
			"active": 1,
			"book_id": 39
		},
		{
			"id": 344,
			"page_number": 3,
			"active": 1,
			"book_id": 39
		},
		{
			"id": 345,
			"page_number": 4,
			"active": 1,
			"book_id": 39
		},
		{
			"id": 346,
			"page_number": 5,
			"active": 1,
			"book_id": 39
		},
		{
			"id": 347,
			"page_number": 6,
			"active": 1,
			"book_id": 39
		},
		{
			"id": 348,
			"page_number": 7,
			"active": 1,
			"book_id": 39
		},
		{
			"id": 349,
			"page_number": 8,
			"active": 1,
			"book_id": 39
		},
		{
			"id": 350,
			"page_number": 0,
			"active": 1,
			"book_id": 40
		},
		{
			"id": 351,
			"page_number": 1,
			"active": 1,
			"book_id": 40
		},
		{
			"id": 352,
			"page_number": 2,
			"active": 1,
			"book_id": 40
		},
		{
			"id": 353,
			"page_number": 3,
			"active": 1,
			"book_id": 40
		},
		{
			"id": 354,
			"page_number": 4,
			"active": 1,
			"book_id": 40
		},
		{
			"id": 355,
			"page_number": 5,
			"active": 1,
			"book_id": 40
		},
		{
			"id": 356,
			"page_number": 6,
			"active": 1,
			"book_id": 40
		},
		{
			"id": 357,
			"page_number": 7,
			"active": 1,
			"book_id": 40
		},
		{
			"id": 358,
			"page_number": 8,
			"active": 1,
			"book_id": 40
		},
		{
			"id": 359,
			"page_number": 0,
			"active": 1,
			"book_id": 41
		},
		{
			"id": 360,
			"page_number": 1,
			"active": 1,
			"book_id": 41
		},
		{
			"id": 361,
			"page_number": 2,
			"active": 1,
			"book_id": 41
		},
		{
			"id": 362,
			"page_number": 3,
			"active": 1,
			"book_id": 41
		},
		{
			"id": 363,
			"page_number": 4,
			"active": 1,
			"book_id": 41
		},
		{
			"id": 364,
			"page_number": 5,
			"active": 1,
			"book_id": 41
		},
		{
			"id": 365,
			"page_number": 6,
			"active": 1,
			"book_id": 41
		},
		{
			"id": 366,
			"page_number": 7,
			"active": 1,
			"book_id": 41
		},
		{
			"id": 367,
			"page_number": 8,
			"active": 1,
			"book_id": 41
		},
		{
			"id": 368,
			"page_number": 0,
			"active": 1,
			"book_id": 42
		},
		{
			"id": 369,
			"page_number": 1,
			"active": 1,
			"book_id": 42
		},
		{
			"id": 370,
			"page_number": 2,
			"active": 1,
			"book_id": 42
		},
		{
			"id": 371,
			"page_number": 3,
			"active": 1,
			"book_id": 42
		},
		{
			"id": 372,
			"page_number": 4,
			"active": 1,
			"book_id": 42
		},
		{
			"id": 373,
			"page_number": 5,
			"active": 1,
			"book_id": 42
		},
		{
			"id": 374,
			"page_number": 6,
			"active": 1,
			"book_id": 42
		},
		{
			"id": 375,
			"page_number": 7,
			"active": 1,
			"book_id": 42
		},
		{
			"id": 376,
			"page_number": 8,
			"active": 1,
			"book_id": 42
		},
		{
			"id": 377,
			"page_number": 0,
			"active": 1,
			"book_id": 43
		},
		{
			"id": 378,
			"page_number": 1,
			"active": 1,
			"book_id": 43
		},
		{
			"id": 379,
			"page_number": 2,
			"active": 1,
			"book_id": 43
		},
		{
			"id": 380,
			"page_number": 3,
			"active": 1,
			"book_id": 43
		},
		{
			"id": 381,
			"page_number": 4,
			"active": 1,
			"book_id": 43
		},
		{
			"id": 382,
			"page_number": 5,
			"active": 1,
			"book_id": 43
		},
		{
			"id": 383,
			"page_number": 6,
			"active": 1,
			"book_id": 43
		},
		{
			"id": 384,
			"page_number": 7,
			"active": 1,
			"book_id": 43
		},
		{
			"id": 385,
			"page_number": 8,
			"active": 1,
			"book_id": 43
		},
		{
			"id": 386,
			"page_number": 0,
			"active": 1,
			"book_id": 44
		},
		{
			"id": 387,
			"page_number": 1,
			"active": 1,
			"book_id": 44
		},
		{
			"id": 388,
			"page_number": 2,
			"active": 1,
			"book_id": 44
		},
		{
			"id": 389,
			"page_number": 3,
			"active": 1,
			"book_id": 44
		},
		{
			"id": 390,
			"page_number": 4,
			"active": 1,
			"book_id": 44
		},
		{
			"id": 391,
			"page_number": 5,
			"active": 1,
			"book_id": 44
		},
		{
			"id": 392,
			"page_number": 6,
			"active": 1,
			"book_id": 44
		},
		{
			"id": 393,
			"page_number": 7,
			"active": 1,
			"book_id": 44
		},
		{
			"id": 394,
			"page_number": 8,
			"active": 1,
			"book_id": 44
		},
		{
			"id": 395,
			"page_number": 0,
			"active": 1,
			"book_id": 45
		},
		{
			"id": 396,
			"page_number": 1,
			"active": 1,
			"book_id": 45
		},
		{
			"id": 397,
			"page_number": 2,
			"active": 1,
			"book_id": 45
		},
		{
			"id": 398,
			"page_number": 3,
			"active": 1,
			"book_id": 45
		},
		{
			"id": 399,
			"page_number": 4,
			"active": 1,
			"book_id": 45
		},
		{
			"id": 400,
			"page_number": 5,
			"active": 1,
			"book_id": 45
		},
		{
			"id": 401,
			"page_number": 6,
			"active": 1,
			"book_id": 45
		},
		{
			"id": 402,
			"page_number": 7,
			"active": 1,
			"book_id": 45
		},
		{
			"id": 403,
			"page_number": 8,
			"active": 1,
			"book_id": 45
		},
		{
			"id": 404,
			"page_number": 0,
			"active": 1,
			"book_id": 46
		},
		{
			"id": 405,
			"page_number": 1,
			"active": 1,
			"book_id": 46
		},
		{
			"id": 406,
			"page_number": 2,
			"active": 1,
			"book_id": 46
		},
		{
			"id": 407,
			"page_number": 3,
			"active": 1,
			"book_id": 46
		},
		{
			"id": 408,
			"page_number": 4,
			"active": 1,
			"book_id": 46
		},
		{
			"id": 409,
			"page_number": 5,
			"active": 1,
			"book_id": 46
		},
		{
			"id": 410,
			"page_number": 6,
			"active": 1,
			"book_id": 46
		},
		{
			"id": 411,
			"page_number": 7,
			"active": 1,
			"book_id": 46
		},
		{
			"id": 412,
			"page_number": 8,
			"active": 1,
			"book_id": 46
		},
		{
			"id": 413,
			"page_number": 0,
			"active": 1,
			"book_id": 47
		},
		{
			"id": 414,
			"page_number": 1,
			"active": 1,
			"book_id": 47
		},
		{
			"id": 415,
			"page_number": 2,
			"active": 1,
			"book_id": 47
		},
		{
			"id": 416,
			"page_number": 3,
			"active": 1,
			"book_id": 47
		},
		{
			"id": 417,
			"page_number": 4,
			"active": 1,
			"book_id": 47
		},
		{
			"id": 418,
			"page_number": 5,
			"active": 1,
			"book_id": 47
		},
		{
			"id": 419,
			"page_number": 6,
			"active": 1,
			"book_id": 47
		},
		{
			"id": 420,
			"page_number": 7,
			"active": 1,
			"book_id": 47
		},
		{
			"id": 421,
			"page_number": 8,
			"active": 1,
			"book_id": 47
		},
		{
			"id": 423,
			"page_number": 0,
			"active": 1,
			"book_id": 48
		},
		{
			"id": 424,
			"page_number": 1,
			"active": 1,
			"book_id": 48
		},
		{
			"id": 425,
			"page_number": 2,
			"active": 1,
			"book_id": 48
		},
		{
			"id": 426,
			"page_number": 3,
			"active": 1,
			"book_id": 48
		},
		{
			"id": 427,
			"page_number": 4,
			"active": 1,
			"book_id": 48
		},
		{
			"id": 428,
			"page_number": 5,
			"active": 1,
			"book_id": 48
		},
		{
			"id": 429,
			"page_number": 6,
			"active": 1,
			"book_id": 48
		},
		{
			"id": 430,
			"page_number": 7,
			"active": 1,
			"book_id": 48
		},
		{
			"id": 431,
			"page_number": 8,
			"active": 1,
			"book_id": 48
		},
		{
			"id": 432,
			"page_number": 0,
			"active": 1,
			"book_id": 49
		},
		{
			"id": 433,
			"page_number": 1,
			"active": 1,
			"book_id": 49
		},
		{
			"id": 434,
			"page_number": 2,
			"active": 1,
			"book_id": 49
		},
		{
			"id": 435,
			"page_number": 3,
			"active": 1,
			"book_id": 49
		},
		{
			"id": 436,
			"page_number": 4,
			"active": 1,
			"book_id": 49
		},
		{
			"id": 437,
			"page_number": 5,
			"active": 1,
			"book_id": 49
		},
		{
			"id": 438,
			"page_number": 6,
			"active": 1,
			"book_id": 49
		},
		{
			"id": 439,
			"page_number": 7,
			"active": 1,
			"book_id": 49
		},
		{
			"id": 440,
			"page_number": 8,
			"active": 1,
			"book_id": 49
		},
		{
			"id": 441,
			"page_number": 0,
			"active": 1,
			"book_id": 50
		},
		{
			"id": 442,
			"page_number": 1,
			"active": 1,
			"book_id": 50
		},
		{
			"id": 443,
			"page_number": 2,
			"active": 1,
			"book_id": 50
		},
		{
			"id": 444,
			"page_number": 3,
			"active": 1,
			"book_id": 50
		},
		{
			"id": 445,
			"page_number": 4,
			"active": 1,
			"book_id": 50
		},
		{
			"id": 446,
			"page_number": 5,
			"active": 1,
			"book_id": 50
		},
		{
			"id": 447,
			"page_number": 6,
			"active": 1,
			"book_id": 50
		},
		{
			"id": 448,
			"page_number": 7,
			"active": 1,
			"book_id": 50
		},
		{
			"id": 449,
			"page_number": 8,
			"active": 1,
			"book_id": 50
		},
		{
			"id": 450,
			"page_number": 0,
			"active": 1,
			"book_id": 51
		},
		{
			"id": 451,
			"page_number": 1,
			"active": 1,
			"book_id": 51
		},
		{
			"id": 452,
			"page_number": 2,
			"active": 1,
			"book_id": 51
		},
		{
			"id": 453,
			"page_number": 3,
			"active": 1,
			"book_id": 51
		},
		{
			"id": 454,
			"page_number": 4,
			"active": 1,
			"book_id": 51
		},
		{
			"id": 455,
			"page_number": 5,
			"active": 1,
			"book_id": 51
		},
		{
			"id": 456,
			"page_number": 6,
			"active": 1,
			"book_id": 51
		},
		{
			"id": 457,
			"page_number": 7,
			"active": 1,
			"book_id": 51
		},
		{
			"id": 458,
			"page_number": 8,
			"active": 1,
			"book_id": 51
		},
		{
			"id": 459,
			"page_number": 0,
			"active": 1,
			"book_id": 52
		},
		{
			"id": 460,
			"page_number": 1,
			"active": 1,
			"book_id": 52
		},
		{
			"id": 461,
			"page_number": 2,
			"active": 1,
			"book_id": 52
		},
		{
			"id": 462,
			"page_number": 3,
			"active": 1,
			"book_id": 52
		},
		{
			"id": 463,
			"page_number": 4,
			"active": 1,
			"book_id": 52
		},
		{
			"id": 464,
			"page_number": 5,
			"active": 1,
			"book_id": 52
		},
		{
			"id": 465,
			"page_number": 6,
			"active": 1,
			"book_id": 52
		},
		{
			"id": 466,
			"page_number": 7,
			"active": 1,
			"book_id": 52
		},
		{
			"id": 467,
			"page_number": 8,
			"active": 1,
			"book_id": 52
		},
		{
			"id": 468,
			"page_number": 0,
			"active": 1,
			"book_id": 53
		},
		{
			"id": 469,
			"page_number": 1,
			"active": 1,
			"book_id": 53
		},
		{
			"id": 470,
			"page_number": 2,
			"active": 1,
			"book_id": 53
		},
		{
			"id": 471,
			"page_number": 3,
			"active": 1,
			"book_id": 53
		},
		{
			"id": 472,
			"page_number": 4,
			"active": 1,
			"book_id": 53
		},
		{
			"id": 473,
			"page_number": 5,
			"active": 1,
			"book_id": 53
		},
		{
			"id": 474,
			"page_number": 6,
			"active": 1,
			"book_id": 53
		},
		{
			"id": 475,
			"page_number": 7,
			"active": 1,
			"book_id": 53
		},
		{
			"id": 476,
			"page_number": 8,
			"active": 1,
			"book_id": 53
		},
		{
			"id": 477,
			"page_number": 0,
			"active": 1,
			"book_id": 54
		},
		{
			"id": 478,
			"page_number": 1,
			"active": 1,
			"book_id": 54
		},
		{
			"id": 479,
			"page_number": 2,
			"active": 1,
			"book_id": 54
		},
		{
			"id": 480,
			"page_number": 3,
			"active": 1,
			"book_id": 54
		},
		{
			"id": 481,
			"page_number": 4,
			"active": 1,
			"book_id": 54
		},
		{
			"id": 482,
			"page_number": 5,
			"active": 1,
			"book_id": 54
		},
		{
			"id": 483,
			"page_number": 6,
			"active": 1,
			"book_id": 54
		},
		{
			"id": 484,
			"page_number": 7,
			"active": 1,
			"book_id": 54
		},
		{
			"id": 485,
			"page_number": 8,
			"active": 1,
			"book_id": 54
		},
		{
			"id": 486,
			"page_number": 0,
			"active": 1,
			"book_id": 55
		},
		{
			"id": 487,
			"page_number": 1,
			"active": 1,
			"book_id": 55
		},
		{
			"id": 488,
			"page_number": 2,
			"active": 1,
			"book_id": 55
		},
		{
			"id": 489,
			"page_number": 3,
			"active": 1,
			"book_id": 55
		},
		{
			"id": 490,
			"page_number": 4,
			"active": 1,
			"book_id": 55
		},
		{
			"id": 491,
			"page_number": 5,
			"active": 1,
			"book_id": 55
		},
		{
			"id": 492,
			"page_number": 6,
			"active": 1,
			"book_id": 55
		},
		{
			"id": 493,
			"page_number": 7,
			"active": 1,
			"book_id": 55
		},
		{
			"id": 494,
			"page_number": 8,
			"active": 1,
			"book_id": 55
		},
		{
			"id": 495,
			"page_number": 0,
			"active": 1,
			"book_id": 56
		},
		{
			"id": 496,
			"page_number": 1,
			"active": 1,
			"book_id": 56
		},
		{
			"id": 497,
			"page_number": 2,
			"active": 1,
			"book_id": 56
		},
		{
			"id": 498,
			"page_number": 3,
			"active": 1,
			"book_id": 56
		},
		{
			"id": 499,
			"page_number": 4,
			"active": 1,
			"book_id": 56
		},
		{
			"id": 500,
			"page_number": 5,
			"active": 1,
			"book_id": 56
		},
		{
			"id": 501,
			"page_number": 6,
			"active": 1,
			"book_id": 56
		},
		{
			"id": 502,
			"page_number": 7,
			"active": 1,
			"book_id": 56
		},
		{
			"id": 503,
			"page_number": 8,
			"active": 1,
			"book_id": 56
		},
		{
			"id": 504,
			"page_number": 0,
			"active": 1,
			"book_id": 57
		},
		{
			"id": 505,
			"page_number": 1,
			"active": 1,
			"book_id": 57
		},
		{
			"id": 506,
			"page_number": 2,
			"active": 1,
			"book_id": 57
		},
		{
			"id": 507,
			"page_number": 3,
			"active": 1,
			"book_id": 57
		},
		{
			"id": 508,
			"page_number": 4,
			"active": 1,
			"book_id": 57
		},
		{
			"id": 509,
			"page_number": 5,
			"active": 1,
			"book_id": 57
		},
		{
			"id": 510,
			"page_number": 6,
			"active": 1,
			"book_id": 57
		},
		{
			"id": 511,
			"page_number": 7,
			"active": 1,
			"book_id": 57
		},
		{
			"id": 512,
			"page_number": 8,
			"active": 1,
			"book_id": 57
		},
		{
			"id": 513,
			"page_number": 0,
			"active": 1,
			"book_id": 58
		},
		{
			"id": 514,
			"page_number": 1,
			"active": 1,
			"book_id": 58
		},
		{
			"id": 515,
			"page_number": 2,
			"active": 1,
			"book_id": 58
		},
		{
			"id": 516,
			"page_number": 3,
			"active": 1,
			"book_id": 58
		},
		{
			"id": 517,
			"page_number": 4,
			"active": 1,
			"book_id": 58
		},
		{
			"id": 518,
			"page_number": 5,
			"active": 1,
			"book_id": 58
		},
		{
			"id": 519,
			"page_number": 6,
			"active": 1,
			"book_id": 58
		},
		{
			"id": 520,
			"page_number": 7,
			"active": 1,
			"book_id": 58
		},
		{
			"id": 521,
			"page_number": 8,
			"active": 1,
			"book_id": 58
		},
		{
			"id": 522,
			"page_number": 0,
			"active": 1,
			"book_id": 59
		},
		{
			"id": 523,
			"page_number": 1,
			"active": 1,
			"book_id": 59
		},
		{
			"id": 524,
			"page_number": 2,
			"active": 1,
			"book_id": 59
		},
		{
			"id": 525,
			"page_number": 3,
			"active": 1,
			"book_id": 59
		},
		{
			"id": 526,
			"page_number": 4,
			"active": 1,
			"book_id": 59
		},
		{
			"id": 527,
			"page_number": 5,
			"active": 1,
			"book_id": 59
		},
		{
			"id": 528,
			"page_number": 6,
			"active": 1,
			"book_id": 59
		},
		{
			"id": 529,
			"page_number": 7,
			"active": 1,
			"book_id": 59
		},
		{
			"id": 530,
			"page_number": 8,
			"active": 1,
			"book_id": 59
		},
		{
			"id": 531,
			"page_number": 0,
			"active": 1,
			"book_id": 60
		},
		{
			"id": 532,
			"page_number": 1,
			"active": 1,
			"book_id": 60
		},
		{
			"id": 533,
			"page_number": 2,
			"active": 1,
			"book_id": 60
		},
		{
			"id": 534,
			"page_number": 3,
			"active": 1,
			"book_id": 60
		},
		{
			"id": 535,
			"page_number": 4,
			"active": 1,
			"book_id": 60
		},
		{
			"id": 536,
			"page_number": 5,
			"active": 1,
			"book_id": 60
		},
		{
			"id": 537,
			"page_number": 6,
			"active": 1,
			"book_id": 60
		},
		{
			"id": 538,
			"page_number": 7,
			"active": 1,
			"book_id": 60
		},
		{
			"id": 539,
			"page_number": 8,
			"active": 1,
			"book_id": 60
		},
		{
			"id": 540,
			"page_number": 0,
			"active": 1,
			"book_id": 61
		},
		{
			"id": 541,
			"page_number": 1,
			"active": 1,
			"book_id": 61
		},
		{
			"id": 542,
			"page_number": 2,
			"active": 1,
			"book_id": 61
		},
		{
			"id": 543,
			"page_number": 3,
			"active": 1,
			"book_id": 61
		},
		{
			"id": 544,
			"page_number": 4,
			"active": 1,
			"book_id": 61
		},
		{
			"id": 545,
			"page_number": 5,
			"active": 1,
			"book_id": 61
		},
		{
			"id": 546,
			"page_number": 6,
			"active": 1,
			"book_id": 61
		},
		{
			"id": 547,
			"page_number": 7,
			"active": 1,
			"book_id": 61
		},
		{
			"id": 548,
			"page_number": 8,
			"active": 1,
			"book_id": 61
		},
		{
			"id": 549,
			"page_number": 0,
			"active": 1,
			"book_id": 62
		},
		{
			"id": 550,
			"page_number": 1,
			"active": 1,
			"book_id": 62
		},
		{
			"id": 551,
			"page_number": 2,
			"active": 1,
			"book_id": 62
		},
		{
			"id": 552,
			"page_number": 3,
			"active": 1,
			"book_id": 62
		},
		{
			"id": 553,
			"page_number": 4,
			"active": 1,
			"book_id": 62
		},
		{
			"id": 554,
			"page_number": 5,
			"active": 1,
			"book_id": 62
		},
		{
			"id": 555,
			"page_number": 6,
			"active": 1,
			"book_id": 62
		},
		{
			"id": 556,
			"page_number": 7,
			"active": 1,
			"book_id": 62
		},
		{
			"id": 557,
			"page_number": 8,
			"active": 1,
			"book_id": 62
		},
		{
			"id": 558,
			"page_number": 0,
			"active": 1,
			"book_id": 63
		},
		{
			"id": 559,
			"page_number": 1,
			"active": 1,
			"book_id": 63
		},
		{
			"id": 560,
			"page_number": 2,
			"active": 1,
			"book_id": 63
		},
		{
			"id": 561,
			"page_number": 3,
			"active": 1,
			"book_id": 63
		},
		{
			"id": 562,
			"page_number": 4,
			"active": 1,
			"book_id": 63
		},
		{
			"id": 563,
			"page_number": 5,
			"active": 1,
			"book_id": 63
		},
		{
			"id": 564,
			"page_number": 6,
			"active": 1,
			"book_id": 63
		},
		{
			"id": 565,
			"page_number": 7,
			"active": 1,
			"book_id": 63
		},
		{
			"id": 566,
			"page_number": 8,
			"active": 1,
			"book_id": 63
		},
		{
			"id": 567,
			"page_number": 0,
			"active": 1,
			"book_id": 64
		},
		{
			"id": 568,
			"page_number": 1,
			"active": 1,
			"book_id": 64
		},
		{
			"id": 569,
			"page_number": 2,
			"active": 1,
			"book_id": 64
		},
		{
			"id": 570,
			"page_number": 3,
			"active": 1,
			"book_id": 64
		},
		{
			"id": 571,
			"page_number": 4,
			"active": 1,
			"book_id": 64
		},
		{
			"id": 572,
			"page_number": 5,
			"active": 1,
			"book_id": 64
		},
		{
			"id": 573,
			"page_number": 6,
			"active": 1,
			"book_id": 64
		},
		{
			"id": 574,
			"page_number": 7,
			"active": 1,
			"book_id": 64
		},
		{
			"id": 575,
			"page_number": 8,
			"active": 1,
			"book_id": 64
		},
		{
			"id": 576,
			"page_number": 0,
			"active": 1,
			"book_id": 65
		},
		{
			"id": 577,
			"page_number": 1,
			"active": 1,
			"book_id": 65
		},
		{
			"id": 578,
			"page_number": 2,
			"active": 1,
			"book_id": 65
		},
		{
			"id": 579,
			"page_number": 3,
			"active": 1,
			"book_id": 65
		},
		{
			"id": 580,
			"page_number": 4,
			"active": 1,
			"book_id": 65
		},
		{
			"id": 581,
			"page_number": 5,
			"active": 1,
			"book_id": 65
		},
		{
			"id": 582,
			"page_number": 6,
			"active": 1,
			"book_id": 65
		},
		{
			"id": 583,
			"page_number": 7,
			"active": 1,
			"book_id": 65
		},
		{
			"id": 584,
			"page_number": 8,
			"active": 1,
			"book_id": 65
		},
		{
			"id": 585,
			"page_number": 0,
			"active": 1,
			"book_id": 66
		},
		{
			"id": 586,
			"page_number": 1,
			"active": 1,
			"book_id": 66
		},
		{
			"id": 587,
			"page_number": 2,
			"active": 1,
			"book_id": 66
		},
		{
			"id": 588,
			"page_number": 3,
			"active": 1,
			"book_id": 66
		},
		{
			"id": 589,
			"page_number": 4,
			"active": 1,
			"book_id": 66
		},
		{
			"id": 590,
			"page_number": 5,
			"active": 1,
			"book_id": 66
		},
		{
			"id": 591,
			"page_number": 6,
			"active": 1,
			"book_id": 66
		},
		{
			"id": 592,
			"page_number": 7,
			"active": 1,
			"book_id": 66
		},
		{
			"id": 593,
			"page_number": 8,
			"active": 1,
			"book_id": 66
		},
		{
			"id": 594,
			"page_number": 9,
			"active": 1,
			"book_id": 66
		},
		{
			"id": 595,
			"page_number": 0,
			"active": 1,
			"book_id": 67
		},
		{
			"id": 596,
			"page_number": 1,
			"active": 1,
			"book_id": 67
		},
		{
			"id": 597,
			"page_number": 2,
			"active": 1,
			"book_id": 67
		},
		{
			"id": 598,
			"page_number": 3,
			"active": 1,
			"book_id": 67
		},
		{
			"id": 599,
			"page_number": 4,
			"active": 1,
			"book_id": 67
		},
		{
			"id": 600,
			"page_number": 5,
			"active": 1,
			"book_id": 67
		},
		{
			"id": 601,
			"page_number": 6,
			"active": 1,
			"book_id": 67
		},
		{
			"id": 602,
			"page_number": 7,
			"active": 1,
			"book_id": 67
		},
		{
			"id": 603,
			"page_number": 8,
			"active": 1,
			"book_id": 67
		},
		{
			"id": 604,
			"page_number": 9,
			"active": 1,
			"book_id": 67
		},
		{
			"id": 605,
			"page_number": 0,
			"active": 1,
			"book_id": 68
		},
		{
			"id": 606,
			"page_number": 1,
			"active": 1,
			"book_id": 68
		},
		{
			"id": 607,
			"page_number": 2,
			"active": 1,
			"book_id": 68
		},
		{
			"id": 608,
			"page_number": 3,
			"active": 1,
			"book_id": 68
		},
		{
			"id": 609,
			"page_number": 4,
			"active": 1,
			"book_id": 68
		},
		{
			"id": 610,
			"page_number": 5,
			"active": 1,
			"book_id": 68
		},
		{
			"id": 611,
			"page_number": 6,
			"active": 1,
			"book_id": 68
		},
		{
			"id": 612,
			"page_number": 7,
			"active": 1,
			"book_id": 68
		},
		{
			"id": 613,
			"page_number": 8,
			"active": 1,
			"book_id": 68
		},
		{
			"id": 614,
			"page_number": 9,
			"active": 1,
			"book_id": 68
		},
		{
			"id": 615,
			"page_number": 0,
			"active": 1,
			"book_id": 69
		},
		{
			"id": 616,
			"page_number": 1,
			"active": 1,
			"book_id": 69
		},
		{
			"id": 617,
			"page_number": 2,
			"active": 1,
			"book_id": 69
		},
		{
			"id": 618,
			"page_number": 3,
			"active": 1,
			"book_id": 69
		},
		{
			"id": 619,
			"page_number": 4,
			"active": 1,
			"book_id": 69
		},
		{
			"id": 620,
			"page_number": 5,
			"active": 1,
			"book_id": 69
		},
		{
			"id": 621,
			"page_number": 6,
			"active": 1,
			"book_id": 69
		},
		{
			"id": 622,
			"page_number": 7,
			"active": 1,
			"book_id": 69
		},
		{
			"id": 623,
			"page_number": 8,
			"active": 1,
			"book_id": 69
		},
		{
			"id": 624,
			"page_number": 9,
			"active": 1,
			"book_id": 69
		},
		{
			"id": 625,
			"page_number": 0,
			"active": 1,
			"book_id": 70
		},
		{
			"id": 626,
			"page_number": 1,
			"active": 1,
			"book_id": 70
		},
		{
			"id": 627,
			"page_number": 2,
			"active": 1,
			"book_id": 70
		},
		{
			"id": 628,
			"page_number": 3,
			"active": 1,
			"book_id": 70
		},
		{
			"id": 629,
			"page_number": 4,
			"active": 1,
			"book_id": 70
		},
		{
			"id": 630,
			"page_number": 5,
			"active": 1,
			"book_id": 70
		},
		{
			"id": 631,
			"page_number": 6,
			"active": 1,
			"book_id": 70
		},
		{
			"id": 632,
			"page_number": 7,
			"active": 1,
			"book_id": 70
		},
		{
			"id": 633,
			"page_number": 8,
			"active": 1,
			"book_id": 70
		},
		{
			"id": 634,
			"page_number": 9,
			"active": 1,
			"book_id": 70
		},
		{
			"id": 635,
			"page_number": 0,
			"active": 1,
			"book_id": 71
		},
		{
			"id": 636,
			"page_number": 1,
			"active": 1,
			"book_id": 71
		},
		{
			"id": 637,
			"page_number": 2,
			"active": 1,
			"book_id": 71
		},
		{
			"id": 638,
			"page_number": 3,
			"active": 1,
			"book_id": 71
		},
		{
			"id": 639,
			"page_number": 4,
			"active": 1,
			"book_id": 71
		},
		{
			"id": 640,
			"page_number": 5,
			"active": 1,
			"book_id": 71
		},
		{
			"id": 641,
			"page_number": 6,
			"active": 1,
			"book_id": 71
		},
		{
			"id": 642,
			"page_number": 7,
			"active": 1,
			"book_id": 71
		},
		{
			"id": 643,
			"page_number": 8,
			"active": 1,
			"book_id": 71
		},
		{
			"id": 644,
			"page_number": 9,
			"active": 1,
			"book_id": 71
		},
		{
			"id": 645,
			"page_number": 0,
			"active": 1,
			"book_id": 72
		},
		{
			"id": 646,
			"page_number": 1,
			"active": 1,
			"book_id": 72
		},
		{
			"id": 647,
			"page_number": 2,
			"active": 1,
			"book_id": 72
		},
		{
			"id": 648,
			"page_number": 3,
			"active": 1,
			"book_id": 72
		},
		{
			"id": 649,
			"page_number": 4,
			"active": 1,
			"book_id": 72
		},
		{
			"id": 650,
			"page_number": 5,
			"active": 1,
			"book_id": 72
		},
		{
			"id": 651,
			"page_number": 6,
			"active": 1,
			"book_id": 72
		},
		{
			"id": 652,
			"page_number": 7,
			"active": 1,
			"book_id": 72
		},
		{
			"id": 653,
			"page_number": 8,
			"active": 1,
			"book_id": 72
		},
		{
			"id": 654,
			"page_number": 9,
			"active": 1,
			"book_id": 72
		},
		{
			"id": 655,
			"page_number": 0,
			"active": 1,
			"book_id": 73
		},
		{
			"id": 656,
			"page_number": 1,
			"active": 1,
			"book_id": 73
		},
		{
			"id": 657,
			"page_number": 2,
			"active": 1,
			"book_id": 73
		},
		{
			"id": 658,
			"page_number": 3,
			"active": 1,
			"book_id": 73
		},
		{
			"id": 659,
			"page_number": 4,
			"active": 1,
			"book_id": 73
		},
		{
			"id": 660,
			"page_number": 5,
			"active": 1,
			"book_id": 73
		},
		{
			"id": 661,
			"page_number": 6,
			"active": 1,
			"book_id": 73
		},
		{
			"id": 662,
			"page_number": 7,
			"active": 1,
			"book_id": 73
		},
		{
			"id": 663,
			"page_number": 8,
			"active": 1,
			"book_id": 73
		},
		{
			"id": 664,
			"page_number": 9,
			"active": 1,
			"book_id": 73
		},
		{
			"id": 665,
			"page_number": 0,
			"active": 1,
			"book_id": 74
		},
		{
			"id": 666,
			"page_number": 1,
			"active": 1,
			"book_id": 74
		},
		{
			"id": 667,
			"page_number": 2,
			"active": 1,
			"book_id": 74
		},
		{
			"id": 668,
			"page_number": 3,
			"active": 1,
			"book_id": 74
		},
		{
			"id": 669,
			"page_number": 4,
			"active": 1,
			"book_id": 74
		},
		{
			"id": 670,
			"page_number": 5,
			"active": 1,
			"book_id": 74
		},
		{
			"id": 671,
			"page_number": 6,
			"active": 1,
			"book_id": 74
		},
		{
			"id": 672,
			"page_number": 7,
			"active": 1,
			"book_id": 74
		},
		{
			"id": 673,
			"page_number": 8,
			"active": 1,
			"book_id": 74
		},
		{
			"id": 674,
			"page_number": 9,
			"active": 1,
			"book_id": 74
		},
		{
			"id": 675,
			"page_number": 0,
			"active": 1,
			"book_id": 75
		},
		{
			"id": 676,
			"page_number": 1,
			"active": 1,
			"book_id": 75
		},
		{
			"id": 677,
			"page_number": 2,
			"active": 1,
			"book_id": 75
		},
		{
			"id": 678,
			"page_number": 3,
			"active": 1,
			"book_id": 75
		},
		{
			"id": 679,
			"page_number": 4,
			"active": 1,
			"book_id": 75
		},
		{
			"id": 680,
			"page_number": 5,
			"active": 1,
			"book_id": 75
		},
		{
			"id": 681,
			"page_number": 6,
			"active": 1,
			"book_id": 75
		},
		{
			"id": 682,
			"page_number": 7,
			"active": 1,
			"book_id": 75
		},
		{
			"id": 683,
			"page_number": 8,
			"active": 1,
			"book_id": 75
		},
		{
			"id": 684,
			"page_number": 9,
			"active": 1,
			"book_id": 75
		},
		{
			"id": 685,
			"page_number": 0,
			"active": 1,
			"book_id": 76
		},
		{
			"id": 686,
			"page_number": 1,
			"active": 1,
			"book_id": 76
		},
		{
			"id": 687,
			"page_number": 2,
			"active": 1,
			"book_id": 76
		},
		{
			"id": 688,
			"page_number": 3,
			"active": 1,
			"book_id": 76
		},
		{
			"id": 689,
			"page_number": 4,
			"active": 1,
			"book_id": 76
		},
		{
			"id": 690,
			"page_number": 5,
			"active": 1,
			"book_id": 76
		},
		{
			"id": 691,
			"page_number": 6,
			"active": 1,
			"book_id": 76
		},
		{
			"id": 692,
			"page_number": 7,
			"active": 1,
			"book_id": 76
		},
		{
			"id": 693,
			"page_number": 8,
			"active": 1,
			"book_id": 76
		},
		{
			"id": 694,
			"page_number": 9,
			"active": 1,
			"book_id": 76
		},
		{
			"id": 695,
			"page_number": 0,
			"active": 1,
			"book_id": 77
		},
		{
			"id": 696,
			"page_number": 1,
			"active": 1,
			"book_id": 77
		},
		{
			"id": 697,
			"page_number": 2,
			"active": 1,
			"book_id": 77
		},
		{
			"id": 698,
			"page_number": 3,
			"active": 1,
			"book_id": 77
		},
		{
			"id": 699,
			"page_number": 4,
			"active": 1,
			"book_id": 77
		},
		{
			"id": 700,
			"page_number": 5,
			"active": 1,
			"book_id": 77
		},
		{
			"id": 701,
			"page_number": 6,
			"active": 1,
			"book_id": 77
		},
		{
			"id": 702,
			"page_number": 7,
			"active": 1,
			"book_id": 77
		},
		{
			"id": 703,
			"page_number": 8,
			"active": 1,
			"book_id": 77
		},
		{
			"id": 704,
			"page_number": 9,
			"active": 1,
			"book_id": 77
		},
		{
			"id": 705,
			"page_number": 0,
			"active": 1,
			"book_id": 78
		},
		{
			"id": 706,
			"page_number": 1,
			"active": 1,
			"book_id": 78
		},
		{
			"id": 707,
			"page_number": 2,
			"active": 1,
			"book_id": 78
		},
		{
			"id": 708,
			"page_number": 3,
			"active": 1,
			"book_id": 78
		},
		{
			"id": 709,
			"page_number": 4,
			"active": 1,
			"book_id": 78
		},
		{
			"id": 710,
			"page_number": 5,
			"active": 1,
			"book_id": 78
		},
		{
			"id": 711,
			"page_number": 6,
			"active": 1,
			"book_id": 78
		},
		{
			"id": 712,
			"page_number": 7,
			"active": 1,
			"book_id": 78
		},
		{
			"id": 713,
			"page_number": 8,
			"active": 1,
			"book_id": 78
		},
		{
			"id": 714,
			"page_number": 9,
			"active": 1,
			"book_id": 78
		},
		{
			"id": 715,
			"page_number": 0,
			"active": 1,
			"book_id": 79
		},
		{
			"id": 716,
			"page_number": 1,
			"active": 1,
			"book_id": 79
		},
		{
			"id": 717,
			"page_number": 2,
			"active": 1,
			"book_id": 79
		},
		{
			"id": 718,
			"page_number": 3,
			"active": 1,
			"book_id": 79
		},
		{
			"id": 719,
			"page_number": 4,
			"active": 1,
			"book_id": 79
		},
		{
			"id": 720,
			"page_number": 5,
			"active": 1,
			"book_id": 79
		},
		{
			"id": 721,
			"page_number": 6,
			"active": 1,
			"book_id": 79
		},
		{
			"id": 722,
			"page_number": 7,
			"active": 1,
			"book_id": 79
		},
		{
			"id": 723,
			"page_number": 8,
			"active": 1,
			"book_id": 79
		},
		{
			"id": 724,
			"page_number": 9,
			"active": 1,
			"book_id": 79
		},
		{
			"id": 725,
			"page_number": 0,
			"active": 1,
			"book_id": 80
		},
		{
			"id": 726,
			"page_number": 1,
			"active": 1,
			"book_id": 80
		},
		{
			"id": 727,
			"page_number": 2,
			"active": 1,
			"book_id": 80
		},
		{
			"id": 728,
			"page_number": 3,
			"active": 1,
			"book_id": 80
		},
		{
			"id": 729,
			"page_number": 4,
			"active": 1,
			"book_id": 80
		},
		{
			"id": 730,
			"page_number": 5,
			"active": 1,
			"book_id": 80
		},
		{
			"id": 731,
			"page_number": 6,
			"active": 1,
			"book_id": 80
		},
		{
			"id": 732,
			"page_number": 7,
			"active": 1,
			"book_id": 80
		},
		{
			"id": 733,
			"page_number": 8,
			"active": 1,
			"book_id": 80
		},
		{
			"id": 734,
			"page_number": 9,
			"active": 1,
			"book_id": 80
		},
		{
			"id": 735,
			"page_number": 0,
			"active": 1,
			"book_id": 81
		},
		{
			"id": 736,
			"page_number": 1,
			"active": 1,
			"book_id": 81
		},
		{
			"id": 737,
			"page_number": 2,
			"active": 1,
			"book_id": 81
		},
		{
			"id": 738,
			"page_number": 3,
			"active": 1,
			"book_id": 81
		},
		{
			"id": 739,
			"page_number": 4,
			"active": 1,
			"book_id": 81
		},
		{
			"id": 740,
			"page_number": 5,
			"active": 1,
			"book_id": 81
		},
		{
			"id": 741,
			"page_number": 6,
			"active": 1,
			"book_id": 81
		},
		{
			"id": 742,
			"page_number": 7,
			"active": 1,
			"book_id": 81
		},
		{
			"id": 743,
			"page_number": 8,
			"active": 1,
			"book_id": 81
		},
		{
			"id": 744,
			"page_number": 9,
			"active": 1,
			"book_id": 81
		},
		{
			"id": 745,
			"page_number": 10,
			"active": 1,
			"book_id": 81
		},
		{
			"id": 746,
			"page_number": 11,
			"active": 1,
			"book_id": 81
		},
		{
			"id": 747,
			"page_number": 0,
			"active": 1,
			"book_id": 82
		},
		{
			"id": 748,
			"page_number": 1,
			"active": 1,
			"book_id": 82
		},
		{
			"id": 749,
			"page_number": 2,
			"active": 1,
			"book_id": 82
		},
		{
			"id": 750,
			"page_number": 3,
			"active": 1,
			"book_id": 82
		},
		{
			"id": 751,
			"page_number": 4,
			"active": 1,
			"book_id": 82
		},
		{
			"id": 752,
			"page_number": 5,
			"active": 1,
			"book_id": 82
		},
		{
			"id": 753,
			"page_number": 6,
			"active": 1,
			"book_id": 82
		},
		{
			"id": 754,
			"page_number": 7,
			"active": 1,
			"book_id": 82
		},
		{
			"id": 755,
			"page_number": 8,
			"active": 1,
			"book_id": 82
		},
		{
			"id": 756,
			"page_number": 9,
			"active": 1,
			"book_id": 82
		},
		{
			"id": 757,
			"page_number": 10,
			"active": 1,
			"book_id": 82
		},
		{
			"id": 758,
			"page_number": 11,
			"active": 1,
			"book_id": 82
		},
		{
			"id": 759,
			"page_number": 0,
			"active": 1,
			"book_id": 83
		},
		{
			"id": 760,
			"page_number": 1,
			"active": 1,
			"book_id": 83
		},
		{
			"id": 761,
			"page_number": 2,
			"active": 1,
			"book_id": 83
		},
		{
			"id": 762,
			"page_number": 3,
			"active": 1,
			"book_id": 83
		},
		{
			"id": 763,
			"page_number": 4,
			"active": 1,
			"book_id": 83
		},
		{
			"id": 764,
			"page_number": 5,
			"active": 1,
			"book_id": 83
		},
		{
			"id": 765,
			"page_number": 6,
			"active": 1,
			"book_id": 83
		},
		{
			"id": 766,
			"page_number": 7,
			"active": 1,
			"book_id": 83
		},
		{
			"id": 767,
			"page_number": 8,
			"active": 1,
			"book_id": 83
		},
		{
			"id": 768,
			"page_number": 9,
			"active": 1,
			"book_id": 83
		},
		{
			"id": 769,
			"page_number": 10,
			"active": 1,
			"book_id": 83
		},
		{
			"id": 770,
			"page_number": 11,
			"active": 1,
			"book_id": 83
		},
		{
			"id": 771,
			"page_number": 0,
			"active": 1,
			"book_id": 84
		},
		{
			"id": 772,
			"page_number": 1,
			"active": 1,
			"book_id": 84
		},
		{
			"id": 773,
			"page_number": 2,
			"active": 1,
			"book_id": 84
		},
		{
			"id": 774,
			"page_number": 3,
			"active": 1,
			"book_id": 84
		},
		{
			"id": 775,
			"page_number": 4,
			"active": 1,
			"book_id": 84
		},
		{
			"id": 776,
			"page_number": 5,
			"active": 1,
			"book_id": 84
		},
		{
			"id": 777,
			"page_number": 6,
			"active": 1,
			"book_id": 84
		},
		{
			"id": 778,
			"page_number": 7,
			"active": 1,
			"book_id": 84
		},
		{
			"id": 779,
			"page_number": 8,
			"active": 1,
			"book_id": 84
		},
		{
			"id": 780,
			"page_number": 9,
			"active": 1,
			"book_id": 84
		},
		{
			"id": 781,
			"page_number": 10,
			"active": 1,
			"book_id": 84
		},
		{
			"id": 782,
			"page_number": 11,
			"active": 1,
			"book_id": 84
		},
		{
			"id": 783,
			"page_number": 0,
			"active": 1,
			"book_id": 85
		},
		{
			"id": 784,
			"page_number": 1,
			"active": 1,
			"book_id": 85
		},
		{
			"id": 785,
			"page_number": 2,
			"active": 1,
			"book_id": 85
		},
		{
			"id": 786,
			"page_number": 3,
			"active": 1,
			"book_id": 85
		},
		{
			"id": 787,
			"page_number": 4,
			"active": 1,
			"book_id": 85
		},
		{
			"id": 788,
			"page_number": 5,
			"active": 1,
			"book_id": 85
		},
		{
			"id": 789,
			"page_number": 6,
			"active": 1,
			"book_id": 85
		},
		{
			"id": 790,
			"page_number": 7,
			"active": 1,
			"book_id": 85
		},
		{
			"id": 791,
			"page_number": 8,
			"active": 1,
			"book_id": 85
		},
		{
			"id": 792,
			"page_number": 9,
			"active": 1,
			"book_id": 85
		},
		{
			"id": 793,
			"page_number": 10,
			"active": 1,
			"book_id": 85
		},
		{
			"id": 794,
			"page_number": 11,
			"active": 1,
			"book_id": 85
		}
	]
}