{
	"data":
	[
		{
			"id": 1,
			"message_name": "lg_checkPlusForYou",
			"message_audio_name": "for you"
		},
		{
			"id": 2,
			"message_name": "lg_starPlusForYou",
			"message_audio_name": "for you"
		},
		{
			"id": 3,
			"message_name": "lg_greatJob",
			"message_audio_name": "great job"
		},
		{
			"id": 4,
			"message_name": "lg_wayToGo",
			"message_audio_name": "way to go"
		},
		{
			"id": 5,
			"message_name": "lg_youAreOokariffic",
			"message_audio_name": "you are ookariffic"
		},
		{
			"id": 6,
			"message_name": "lg_hiSuperstar",
			"message_audio_name": "hi superstar"
		},
		{
			"id": 7,
			"message_name": "lg_keepTrying",
			"message_audio_name": "keep trying"
		},
		{
			"id": 8,
			"message_name": "lg_keepGoing",
			"message_audio_name": "keep going"
		},
		{
			"id": 9,
			"message_name": "lg_stayWithIt",
			"message_audio_name": "stay with it"
		},
		{
			"id": 10,
			"message_name": "lg_haveFunToday",
			"message_audio_name": "have fun today"
		},
		{
			"id": 11,
			"message_name": "lg_hoorayForYou",
			"message_audio_name": "hooray for you 2"
		},
		{
			"id": 12,
			"message_name": "lg_haveANiceDay",
			"message_audio_name": "have a nice day"
		},
		{
			"id": 13,
			"message_name": "lg_youAreAHero",
			"message_audio_name": "you are a hero"
		},
		{
			"id": 14,
			"message_name": "lg_youAreCool",
			"message_audio_name": "you are cool 2"
		},
		{
			"id": 15,
			"message_name": "lg_youAreAwesome",
			"message_audio_name": "you are awesome"
		},
		{
			"id": 16,
			"message_name": "lg_doYourBestToday",
			"message_audio_name": "do your best today 2"
		},
		{
			"id": 17,
			"message_name": "lg_youAreOokamazing",
			"message_audio_name": "you are ookamazing 2"
		},
		{
			"id": 18,
			"message_name": "lg_youCanRead",
			"message_audio_name": "you can read"
		},
		{
			"id": 19,
			"message_name": "lg_youreAGreatReader",
			"message_audio_name": "youre a great reader"
		},
		{
			"id": 20,
			"message_name": "lg_wowYouAreSmart",
			"message_audio_name": "wow you are smart 2"
		},
		{
			"id": 21,
			"message_name": "lg_iAmProudOfYou",
			"message_audio_name": "i am proud of you"
		},
		{
			"id": 22,
			"message_name": "lg_niceWork",
			"message_audio_name": "nice work 2"
		},
		{
			"id": 23,
			"message_name": "lg_youreTheBest",
			"message_audio_name": "youre the best 2"
		},
		{
			"id": 24,
			"message_name": "lg_5ookaMistForYou",
			"message_audio_name": "five ooka mist for you"
		},
		{
			"id": 25,
			"message_name": "lg_9ookaMistForYou",
			"message_audio_name": "nine ooka mist for you"
		},
		{
			"id": 26,
			"message_name": "",
			"message_audio_name": ""
		}
	]
}