{
	"data":
	[
		{
			"id": 1,
			"text": "Boo packed for his big trip.",
			"sound_path": "203",
			"order": 0,
			"image_path": "203.BooPacked",
			"scramble_order": 2,
			"book_id": 36
		},
		{
			"id": 2,
			"text": "The family took Boo to the train station.",
			"sound_path": "204",
			"order": 1,
			"image_path": "204.BooCar",
			"scramble_order": 3,
			"book_id": 36
		},
		{
			"id": 3,
			"text": "Boo waved goodbye to everyone.",
			"sound_path": "205",
			"order": 2,
			"image_path": "205.BooGoodbye",
			"scramble_order": 1,
			"book_id": 36
		},
		{
			"id": 4,
			"text": "Kayla, Jayden and Tommy saw a moving truck next door.",
			"sound_path": "206",
			"order": 0,
			"image_path": "206.MovingTruck",
			"scramble_order": 2,
			"book_id": 37
		},
		{
			"id": 5,
			"text": "Mom gave a cake to Kayla and Jayden.",
			"sound_path": "207",
			"order": 1,
			"image_path": "207.MomGaveCake",
			"scramble_order": 3,
			"book_id": 37
		},
		{
			"id": 6,
			"text": "Kayla and Jayden gave the cake to their new neighbors.",
			"sound_path": "208",
			"order": 2,
			"image_path": "208.CaketoNeighbors",
			"scramble_order": 1,
			"book_id": 37
		},
		{
			"id": 7,
			"text": "Mom and Dad gave the kids a surprise.",
			"sound_path": "209",
			"order": 0,
			"image_path": "209.Surprise",
			"scramble_order": 3,
			"book_id": 38
		},
		{
			"id": 8,
			"text": "Kayla opened the box and saw a little white kitten.",
			"sound_path": "210",
			"order": 1,
			"image_path": "210.WhiteKitten",
			"scramble_order": 1,
			"book_id": 38
		},
		{
			"id": 9,
			"text": "The little kitten was so tired she went to sleep.",
			"sound_path": "211",
			"order": 2,
			"image_path": "211.KittenSleeping",
			"scramble_order": 2,
			"book_id": 38
		},
		{
			"id": 10,
			"text": "Kayla and Jayden walked together in the parade.",
			"sound_path": "212",
			"order": 0,
			"image_path": "212.KJParade",
			"scramble_order": 3,
			"book_id": 39
		},
		{
			"id": 11,
			"text": "Kayla couldn't find Jayden.",
			"sound_path": "213",
			"order": 1,
			"image_path": "213.KaylaCouldntfind",
			"scramble_order": 2,
			"book_id": 39
		},
		{
			"id": 12,
			"text": "Then Kayla saw Jayden's green hat.",
			"sound_path": "214",
			"order": 2,
			"image_path": "214.KaylaSaw",
			"scramble_order": 1,
			"book_id": 39
		},
		{
			"id": 13,
			"text": "Jazmin threw the football up in the air.",
			"sound_path": "215",
			"order": 0,
			"image_path": "215.JazminThrew",
			"scramble_order": 1,
			"book_id": 40
		},
		{
			"id": 14,
			"text": "The football came down and hit her on the head.",
			"sound_path": "216",
			"order": 1,
			"image_path": "216.HitJazmin",
			"scramble_order": 2,
			"book_id": 40
		},
		{
			"id": 15,
			"text": "Jazmin practiced catching the ball and then she and Trey played catch.",
			"sound_path": "217",
			"order": 2,
			"image_path": "217.JazminPracticed",
			"scramble_order": 3,
			"book_id": 40
		},
		{
			"id": 16,
			"text": "Kayla jumped high on the trampoline.",
			"sound_path": "218",
			"order": 0,
			"image_path": "218.KaylaJumped",
			"scramble_order": 2,
			"book_id": 41
		},
		{
			"id": 17,
			"text": "Jayden jumped and twirled around.",
			"sound_path": "219",
			"order": 1,
			"image_path": "219.JaydeenTwirled",
			"scramble_order": 1,
			"book_id": 41
		},
		{
			"id": 18,
			"text": "Mom and Tommy jumped together.",
			"sound_path": "220",
			"order": 2,
			"image_path": "220.Mom&Tommy",
			"scramble_order": 3,
			"book_id": 41
		},
		{
			"id": 19,
			"text": "Jayden and Trey found Snowball stuck in a tree.",
			"sound_path": "221",
			"order": 0,
			"image_path": "221.Stuckinatree",
			"scramble_order": 3,
			"book_id": 42
		},
		{
			"id": 20,
			"text": "Trey went to find the girls.",
			"sound_path": "222",
			"order": 1,
			"image_path": "222.JaydenWent",
			"scramble_order": 1,
			"book_id": 42
		},
		{
			"id": 21,
			"text": "The girls brought a ladder, and Kayla climbed up and rescued Snowball.",
			"sound_path": "223",
			"order": 2,
			"image_path": "223.Kaylarescue",
			"scramble_order": 2,
			"book_id": 42
		},
		{
			"id": 22,
			"text": "Kayla got on the bike and started to pedal.",
			"sound_path": "224",
			"order": 0,
			"image_path": "224.KaylaGoton",
			"scramble_order": 2,
			"book_id": 43
		},
		{
			"id": 23,
			"text": "Kayla's Dad held her seat, so she wouldn't tip over.",
			"sound_path": "225",
			"order": 1,
			"image_path": "225.DadHeld",
			"scramble_order": 1,
			"book_id": 43
		},
		{
			"id": 24,
			"text": "Kayla was happy because she biked around the path.",
			"sound_path": "226",
			"order": 2,
			"image_path": "226.KaylaHappy",
			"scramble_order": 3,
			"book_id": 43
		},
		{
			"id": 25,
			"text": "Dad asked Kayla and Jayden to rake the leaves.",
			"sound_path": "227",
			"order": 0,
			"image_path": "227.DadAsked",
			"scramble_order": 1,
			"book_id": 44
		},
		{
			"id": 26,
			"text": "The twins and their friends raked the leaves into a big pile.",
			"sound_path": "228",
			"order": 1,
			"image_path": "228.TheTwins",
			"scramble_order": 2,
			"book_id": 44
		},
		{
			"id": 27,
			"text": "The four friends jumped into the leaf pile.",
			"sound_path": "229",
			"order": 2,
			"image_path": "229.FourFriends",
			"scramble_order": 3,
			"book_id": 44
		},
		{
			"id": 28,
			"text": "Mom and the kids drove to the carwash.",
			"sound_path": "230",
			"order": 0,
			"image_path": "230.MomDrove",
			"scramble_order": 3,
			"book_id": 45
		},
		{
			"id": 29,
			"text": "Mom pushed the buttons and then went into the carwash.",
			"sound_path": "231",
			"order": 1,
			"image_path": "231.MomPushed",
			"scramble_order": 2,
			"book_id": 45
		},
		{
			"id": 30,
			"text": "The car was clean and shiny.",
			"sound_path": "232",
			"order": 2,
			"image_path": "232.Clean&Shiny",
			"scramble_order": 1,
			"book_id": 45
		},
		{
			"id": 31,
			"text": "Jayden came to Trey's yard to play, but he couldn't find him.",
			"sound_path": "L 1",
			"order": 0,
			"image_path": "imgpath",
			"scramble_order": 3,
			"book_id": 46
		},
		{
			"id": 32,
			"text": "Trey and Jazmin were playing in the tree house.",
			"sound_path": "L 2",
			"order": 1,
			"image_path": "imgpath",
			"scramble_order": 2,
			"book_id": 46
		},
		{
			"id": 33,
			"text": "Trey and Jazmin invited Kayla and Jayden to come up to the treehouse.",
			"sound_path": "L 3",
			"order": 2,
			"image_path": "imgpath",
			"scramble_order": 4,
			"book_id": 46
		},
		{
			"id": 34,
			"text": "Kayla and Jayden thought the tree house was awesome.",
			"sound_path": "L 4",
			"order": 3,
			"image_path": "imgpath",
			"scramble_order": 1,
			"book_id": 46
		},
		{
			"id": 35,
			"text": "Trey and Jazmin took Bebop for a walk.",
			"sound_path": "L 1",
			"order": 0,
			"image_path": "imgpath",
			"scramble_order": 4,
			"book_id": 47
		},
		{
			"id": 36,
			"text": "They walked into the woods.",
			"sound_path": "L 2",
			"order": 1,
			"image_path": "imgpath",
			"scramble_order": 1,
			"book_id": 47
		},
		{
			"id": 37,
			"text": "They found a creek.",
			"sound_path": "L 3",
			"order": 2,
			"image_path": "imgpath",
			"scramble_order": 2,
			"book_id": 47
		},
		{
			"id": 38,
			"text": "Jazmin said, \"Bebop wags his tail when he is happy.\"",
			"sound_path": "L 4",
			"order": 3,
			"image_path": "imgpath",
			"scramble_order": 3,
			"book_id": 47
		},
		{
			"id": 39,
			"text": "Trey and Jazmin were at the water park.",
			"sound_path": "L 1",
			"order": 0,
			"image_path": "imgpath",
			"scramble_order": 3,
			"book_id": 48
		},
		{
			"id": 40,
			"text": "They waited in line for the big water slide.",
			"sound_path": "L 2",
			"order": 1,
			"image_path": "imgpath",
			"scramble_order": 2,
			"book_id": 48
		},
		{
			"id": 41,
			"text": "Trey and Jazmin came down the slide and made a big splash.",
			"sound_path": "L 3",
			"order": 2,
			"image_path": "imgpath",
			"scramble_order": 1,
			"book_id": 48
		},
		{
			"id": 42,
			"text": "They wanted to go on the big slide again.",
			"sound_path": "L 4",
			"order": 3,
			"image_path": "imgpath",
			"scramble_order": 4,
			"book_id": 48
		},
		{
			"id": 43,
			"text": "Jazmin had a pet bunny called Chummy.",
			"sound_path": "L 1",
			"order": 0,
			"image_path": "imgpath",
			"scramble_order": 2,
			"book_id": 49
		},
		{
			"id": 44,
			"text": "One day Chummy hid behind a tree.",
			"sound_path": "L 2",
			"order": 1,
			"image_path": "imgpath",
			"scramble_order": 1,
			"book_id": 49
		},
		{
			"id": 45,
			"text": "Jazmin looked for Chummy, but she couldn't find him.",
			"sound_path": "L 3",
			"order": 2,
			"image_path": "imgpath",
			"scramble_order": 4,
			"book_id": 49
		},
		{
			"id": 46,
			"text": "Jazmin put his food in the middle of the yard and Chummy came back to eat.",
			"sound_path": "L 4",
			"order": 3,
			"image_path": "imgpath",
			"scramble_order": 3,
			"book_id": 49
		},
		{
			"id": 47,
			"text": "Trey, Jayden and Kayla planned a party for Jazmin.",
			"sound_path": "L 1",
			"order": 0,
			"image_path": "imgpath",
			"scramble_order": 4,
			"book_id": 50
		},
		{
			"id": 48,
			"text": "They brought the cake, pets and presents up to the tree house.",
			"sound_path": "L 2",
			"order": 1,
			"image_path": "imgpath",
			"scramble_order": 3,
			"book_id": 50
		},
		{
			"id": 49,
			"text": "Trey asked Jazmin to come up to the tree house.",
			"sound_path": "L 3",
			"order": 2,
			"image_path": "imgpath",
			"scramble_order": 2,
			"book_id": 50
		},
		{
			"id": 50,
			"text": "Trey, Jayden and Kayla shouted, \"Surprise!\"",
			"sound_path": "L 4",
			"order": 3,
			"image_path": "imgpath",
			"scramble_order": 1,
			"book_id": 50
		},
		{
			"id": 51,
			"text": "Tommy, Kayla and Jayden went outside to play in the snow.",
			"sound_path": "L 1",
			"order": 0,
			"image_path": "imgpath",
			"scramble_order": 1,
			"book_id": 51
		},
		{
			"id": 52,
			"text": "Jayden and Kayla showed Tommy how to make a snow angel.",
			"sound_path": "L 2",
			"order": 1,
			"image_path": "imgpath",
			"scramble_order": 3,
			"book_id": 51
		},
		{
			"id": 53,
			"text": "Tommy made a snow angel.",
			"sound_path": "L 3",
			"order": 2,
			"image_path": "imgpath",
			"scramble_order": 4,
			"book_id": 51
		},
		{
			"id": 54,
			"text": "Tommy ran to tell Mom and Dad about the snow angel.",
			"sound_path": "L 4",
			"order": 3,
			"image_path": "imgpath",
			"scramble_order": 2,
			"book_id": 51
		},
		{
			"id": 55,
			"text": "The Park Street kids decided to take the pets for a walk.",
			"sound_path": "L 1",
			"order": 0,
			"image_path": "imgpath",
			"scramble_order": 2,
			"book_id": 52
		},
		{
			"id": 56,
			"text": "Tommy, Chummy and Snowball sat in the wagon and Bebop walked ||behind.",
			"sound_path": "L 2",
			"order": 1,
			"image_path": "imgpath",
			"scramble_order": 3,
			"book_id": 52
		},
		{
			"id": 57,
			"text": "Trey and Jayden pulled the wagon to the park.",
			"sound_path": "L 3",
			"order": 2,
			"image_path": "imgpath",
			"scramble_order": 1,
			"book_id": 52
		},
		{
			"id": 58,
			"text": "The girls agreed to pull the wagon home.",
			"sound_path": "L 4",
			"order": 3,
			"image_path": "imgpath",
			"scramble_order": 4,
			"book_id": 52
		},
		{
			"id": 59,
			"text": "Tommy woke up early because he was hungry.",
			"sound_path": "L 1",
			"order": 0,
			"image_path": "imgpath",
			"scramble_order": 3,
			"book_id": 53
		},
		{
			"id": 60,
			"text": "Tommy woke Kayla up to help him with breakfast.",
			"sound_path": "L 2",
			"order": 1,
			"image_path": "imgpath",
			"scramble_order": 1,
			"book_id": 53
		},
		{
			"id": 61,
			"text": "There was no milk in the fridge.",
			"sound_path": "L 3",
			"order": 2,
			"image_path": "imgpath",
			"scramble_order": 4,
			"book_id": 53
		},
		{
			"id": 62,
			"text": "Tommy had popcorn instead.",
			"sound_path": "L 4",
			"order": 3,
			"image_path": "imgpath",
			"scramble_order": 2,
			"book_id": 53
		},
		{
			"id": 63,
			"text": "Tommy had a lemonade stand.",
			"sound_path": "L 1",
			"order": 0,
			"image_path": "imgpath",
			"scramble_order": 1,
			"book_id": 54
		},
		{
			"id": 64,
			"text": "The Park Street kids decided to buy some lemonade.",
			"sound_path": "L 2",
			"order": 1,
			"image_path": "imgpath",
			"scramble_order": 3,
			"book_id": 54
		},
		{
			"id": 65,
			"text": "The kids gave Tommy five pennies for each glass of lemonade.",
			"sound_path": "L 3",
			"order": 2,
			"image_path": "imgpath",
			"scramble_order": 2,
			"book_id": 54
		},
		{
			"id": 66,
			"text": "Tommy was excited. He sold four glasses of lemonade.",
			"sound_path": "L 4",
			"order": 3,
			"image_path": "imgpath",
			"scramble_order": 4,
			"book_id": 54
		},
		{
			"id": 67,
			"text": "Kayla, Jayden and Jazmin helped Mom bake a surprise cake for Trey.",
			"sound_path": "L 1",
			"order": 0,
			"image_path": "imgpath",
			"scramble_order": 3,
			"book_id": 55
		},
		{
			"id": 68,
			"text": "The cake was shaped like a soccer ball.",
			"sound_path": "L 2",
			"order": 1,
			"image_path": "imgpath",
			"scramble_order": 4,
			"book_id": 55
		},
		{
			"id": 69,
			"text": "They decorated the cake with white icing and black spots.",
			"sound_path": "L 3",
			"order": 2,
			"image_path": "imgpath",
			"scramble_order": 1,
			"book_id": 55
		},
		{
			"id": 70,
			"text": "Trey loved the soccer ball because he could eat it.",
			"sound_path": "L 4",
			"order": 3,
			"image_path": "imgpath",
			"scramble_order": 2,
			"book_id": 55
		},
		{
			"id": 71,
			"text": "The Park Street kids made snowmen.",
			"sound_path": "L 1",
			"order": 0,
			"image_path": "imgpath",
			"scramble_order": 2,
			"book_id": 56
		},
		{
			"id": 72,
			"text": "Tommy's hands were very cold.",
			"sound_path": "L 2",
			"order": 1,
			"image_path": "imgpath",
			"scramble_order": 3,
			"book_id": 56
		},
		{
			"id": 73,
			"text": "Kayla had a good idea.",
			"sound_path": "L 3",
			"order": 2,
			"image_path": "imgpath",
			"scramble_order": 4,
			"book_id": 56
		},
		{
			"id": 74,
			"text": "Everyone went inside for hot chocolate.",
			"sound_path": "L 4",
			"order": 3,
			"image_path": "imgpath",
			"scramble_order": 1,
			"book_id": 56
		},
		{
			"id": 75,
			"text": "Jazmin wore her necklace to the park.",
			"sound_path": "L 1",
			"order": 0,
			"image_path": "imgpath",
			"scramble_order": 4,
			"book_id": 57
		},
		{
			"id": 76,
			"text": "Jazmin played with Kayla on the slide and the roundabout.",
			"sound_path": "L 2",
			"order": 1,
			"image_path": "imgpath",
			"scramble_order": 3,
			"book_id": 57
		},
		{
			"id": 77,
			"text": "Jazmin discovered that she had lost her necklace.",
			"sound_path": "L 3",
			"order": 2,
			"image_path": "imgpath",
			"scramble_order": 2,
			"book_id": 57
		},
		{
			"id": 78,
			"text": "The girls found Jazmin's necklace by the roundabout.",
			"sound_path": "L 4",
			"order": 3,
			"image_path": "imgpath",
			"scramble_order": 1,
			"book_id": 57
		},
		{
			"id": 79,
			"text": "It was picture day at school for Jayden.",
			"sound_path": "L 1",
			"order": 0,
			"image_path": "imgpath",
			"scramble_order": 3,
			"book_id": 58
		},
		{
			"id": 80,
			"text": "Jayden practiced his smile.",
			"sound_path": "L 2",
			"order": 1,
			"image_path": "imgpath",
			"scramble_order": 4,
			"book_id": 58
		},
		{
			"id": 81,
			"text": "When it was Jayden's turn, the camera wouldn't work.",
			"sound_path": "L 3",
			"order": 2,
			"image_path": "imgpath",
			"scramble_order": 2,
			"book_id": 58
		},
		{
			"id": 82,
			"text": "Jayden kept smiling, and finally the camera worked.",
			"sound_path": "L 4",
			"order": 3,
			"image_path": "imgpath",
			"scramble_order": 1,
			"book_id": 58
		},
		{
			"id": 83,
			"text": "The Parkers visited a horse farm.",
			"sound_path": "L 1",
			"order": 0,
			"image_path": "imgpath",
			"scramble_order": 4,
			"book_id": 59
		},
		{
			"id": 84,
			"text": "They met a gentle horse, Koko.",
			"sound_path": "L 2",
			"order": 1,
			"image_path": "imgpath",
			"scramble_order": 1,
			"book_id": 59
		},
		{
			"id": 85,
			"text": "The farmer put a saddle on Koko.",
			"sound_path": "L 3",
			"order": 2,
			"image_path": "imgpath",
			"scramble_order": 3,
			"book_id": 59
		},
		{
			"id": 86,
			"text": "Trey and Jazmin went horseback riding.",
			"sound_path": "L 4",
			"order": 3,
			"image_path": "imgpath",
			"scramble_order": 2,
			"book_id": 59
		},
		{
			"id": 87,
			"text": "Tommy needed new shoes.",
			"sound_path": "L 1",
			"order": 0,
			"image_path": "imgpath",
			"scramble_order": 2,
			"book_id": 60
		},
		{
			"id": 88,
			"text": "Tommy and his family went to the shoe store.",
			"sound_path": "L 2",
			"order": 1,
			"image_path": "imgpath",
			"scramble_order": 1,
			"book_id": 60
		},
		{
			"id": 89,
			"text": "Tommy got shoes just like Jayden's.",
			"sound_path": "L 3",
			"order": 2,
			"image_path": "imgpath",
			"scramble_order": 4,
			"book_id": 60
		},
		{
			"id": 90,
			"text": "Tommy felt like a big boy.",
			"sound_path": "L 4",
			"order": 3,
			"image_path": "imgpath",
			"scramble_order": 3,
			"book_id": 60
		},
		{
			"id": 91,
			"text": "Jayden and Dad made a tire swing in the backyard.",
			"sound_path": "L 1",
			"order": 0,
			"image_path": "imgpath",
			"scramble_order": 1,
			"book_id": 61
		},
		{
			"id": 92,
			"text": "Jayden had the first turn.",
			"sound_path": "L 2",
			"order": 1,
			"image_path": "imgpath",
			"scramble_order": 3,
			"book_id": 61
		},
		{
			"id": 93,
			"text": "Jayden closed his eyes and pretended he was flying.",
			"sound_path": "L 3",
			"order": 2,
			"image_path": "imgpath",
			"scramble_order": 2,
			"book_id": 61
		},
		{
			"id": 94,
			"text": "Then Kayla and Tommy took turns on the tire swing.",
			"sound_path": "L 4",
			"order": 3,
			"image_path": "imgpath",
			"scramble_order": 4,
			"book_id": 61
		},
		{
			"id": 95,
			"text": "Tommy had a new puzzle.",
			"sound_path": "L 1",
			"order": 0,
			"image_path": "imgpath",
			"scramble_order": 3,
			"book_id": 62
		},
		{
			"id": 96,
			"text": "Kayla and Jayden decided to put the puzzle together.",
			"sound_path": "L 2",
			"order": 1,
			"image_path": "imgpath",
			"scramble_order": 1,
			"book_id": 62
		},
		{
			"id": 97,
			"text": "They left the last two pieces for Tommy to finish.",
			"sound_path": "L 3",
			"order": 2,
			"image_path": "imgpath",
			"scramble_order": 4,
			"book_id": 62
		},
		{
			"id": 98,
			"text": "Tommy felt proud when he finished the puzzle.",
			"sound_path": "L 4",
			"order": 3,
			"image_path": "imgpath",
			"scramble_order": 2,
			"book_id": 62
		},
		{
			"id": 99,
			"text": "Mom noticed the goldfish looked hungry.",
			"sound_path": "L 1",
			"order": 0,
			"image_path": "imgpath",
			"scramble_order": 2,
			"book_id": 63
		},
		{
			"id": 100,
			"text": "Jazmin forgot to feed the fish.",
			"sound_path": "L 2",
			"order": 1,
			"image_path": "imgpath",
			"scramble_order": 4,
			"book_id": 63
		},
		{
			"id": 101,
			"text": "Trey helped Jazmin feed the fish.",
			"sound_path": "L 3",
			"order": 2,
			"image_path": "imgpath",
			"scramble_order": 1,
			"book_id": 63
		},
		{
			"id": 102,
			"text": "Then Trey and Jazmin sang the alphabet song to the fish.",
			"sound_path": "L 4",
			"order": 3,
			"image_path": "imgpath",
			"scramble_order": 3,
			"book_id": 63
		},
		{
			"id": 103,
			"text": "Trey woke up early on Saturday morning.",
			"sound_path": "L 1",
			"order": 0,
			"image_path": "imgpath",
			"scramble_order": 4,
			"book_id": 64
		},
		{
			"id": 104,
			"text": "He put some pancakes in the microwave.",
			"sound_path": "L 2",
			"order": 1,
			"image_path": "imgpath",
			"scramble_order": 3,
			"book_id": 64
		},
		{
			"id": 105,
			"text": "The pancakes burned because Trey cooked them too long.",
			"sound_path": "L 3",
			"order": 2,
			"image_path": "imgpath",
			"scramble_order": 2,
			"book_id": 64
		},
		{
			"id": 106,
			"text": "The fire alarm went off and woke everyone up.",
			"sound_path": "L 4",
			"order": 3,
			"image_path": "imgpath",
			"scramble_order": 1,
			"book_id": 64
		},
		{
			"id": 107,
			"text": "It was snowing hard outside.",
			"sound_path": "L 1",
			"order": 0,
			"image_path": "imgpath",
			"scramble_order": 3,
			"book_id": 65
		},
		{
			"id": 108,
			"text": "Kayla and Jayden took Snowball outside.",
			"sound_path": "L 2",
			"order": 1,
			"image_path": "imgpath",
			"scramble_order": 2,
			"book_id": 65
		},
		{
			"id": 109,
			"text": "At first Snowball was scared, but then she walked in the snow.",
			"sound_path": "L 3",
			"order": 2,
			"image_path": "imgpath",
			"scramble_order": 1,
			"book_id": 65
		},
		{
			"id": 110,
			"text": "Kayla and Jayden decided to play in the snow with Snowball.",
			"sound_path": "L 4",
			"order": 3,
			"image_path": "imgpath",
			"scramble_order": 4,
			"book_id": 65
		},
		{
			"id": 111,
			"text": "Kayla, Jayden, Trey and Jazmin were playing baseball at the park.",
			"sound_path": "L 1",
			"order": 0,
			"image_path": "imgpath",
			"scramble_order": 3,
			"book_id": 66
		},
		{
			"id": 112,
			"text": "They heard a noise and then saw some baby birds in a nest.",
			"sound_path": "L 2",
			"order": 1,
			"image_path": "imgpath",
			"scramble_order": 2,
			"book_id": 66
		},
		{
			"id": 113,
			"text": "They watched the mother bird bring food to her babies.",
			"sound_path": "L 3",
			"order": 2,
			"image_path": "imgpath",
			"scramble_order": 4,
			"book_id": 66
		},
		{
			"id": 114,
			"text": "Jayden took pictures of the birds.",
			"sound_path": "L 4",
			"order": 3,
			"image_path": "imgpath",
			"scramble_order": 1,
			"book_id": 66
		},
		{
			"id": 115,
			"text": "Trey held the book close to his eyes when reading.",
			"sound_path": "L 1",
			"order": 0,
			"image_path": "imgpath",
			"scramble_order": 2,
			"book_id": 67
		},
		{
			"id": 116,
			"text": "Trey's mother took Trey to see the eye doctor.",
			"sound_path": "L 2",
			"order": 1,
			"image_path": "imgpath",
			"scramble_order": 4,
			"book_id": 67
		},
		{
			"id": 117,
			"text": "Dr. Rusk said that Trey needed glasses for close-up activities.",
			"sound_path": "L 3",
			"order": 2,
			"image_path": "imgpath",
			"scramble_order": 3,
			"book_id": 67
		},
		{
			"id": 118,
			"text": "Trey loved his glasses because he could see better.",
			"sound_path": "L 4",
			"order": 3,
			"image_path": "imgpath",
			"scramble_order": 1,
			"book_id": 67
		},
		{
			"id": 119,
			"text": "Jazmin lost her doll, scraped her knee and couldn't find the remote control.",
			"sound_path": "L 1",
			"order": 0,
			"image_path": "imgpath",
			"scramble_order": 2,
			"book_id": 68
		},
		{
			"id": 120,
			"text": "Jazmin felt all alone because she couldn't find anyone.",
			"sound_path": "L 2",
			"order": 1,
			"image_path": "imgpath",
			"scramble_order": 4,
			"book_id": 68
		},
		{
			"id": 121,
			"text": "Mom helped Jazmin and she felt better.",
			"sound_path": "L 3",
			"order": 2,
			"image_path": "imgpath",
			"scramble_order": 1,
			"book_id": 68
		},
		{
			"id": 122,
			"text": "Then Jazmin went outside to the tree house to play with Trey.",
			"sound_path": "L 4",
			"order": 3,
			"image_path": "imgpath",
			"scramble_order": 3,
			"book_id": 68
		},
		{
			"id": 123,
			"text": "The Thompson family was tired on Saturday morning.",
			"sound_path": "L 1",
			"order": 0,
			"image_path": "imgpath",
			"scramble_order": 1,
			"book_id": 69
		},
		{
			"id": 124,
			"text": "Everyone in the family had messy hair.",
			"sound_path": "L 2",
			"order": 1,
			"image_path": "imgpath",
			"scramble_order": 4,
			"book_id": 69
		},
		{
			"id": 125,
			"text": "Dad thought they should be called the Crazy Hair Club.",
			"sound_path": "L 3",
			"order": 2,
			"image_path": "imgpath",
			"scramble_order": 3,
			"book_id": 69
		},
		{
			"id": 126,
			"text": "Kayla brushed Snowball's fur so she would have crazy hair too.",
			"sound_path": "L 4",
			"order": 3,
			"image_path": "imgpath",
			"scramble_order": 2,
			"book_id": 69
		},
		{
			"id": 127,
			"text": "The Thompson family went on a hot air balloon ride.",
			"sound_path": "L 1",
			"order": 0,
			"image_path": "imgpath",
			"scramble_order": 4,
			"book_id": 70
		},
		{
			"id": 128,
			"text": "They climbed into the basket and the balloon went high above the town.",
			"sound_path": "L 2",
			"order": 1,
			"image_path": "imgpath",
			"scramble_order": 3,
			"book_id": 70
		},
		{
			"id": 129,
			"text": "Tommy stood on a small box so he could see.",
			"sound_path": "L 3",
			"order": 2,
			"image_path": "imgpath",
			"scramble_order": 2,
			"book_id": 70
		},
		{
			"id": 130,
			"text": "Kayla, Jayden and Tommy saw all of their favorite places.",
			"sound_path": "L 4",
			"order": 3,
			"image_path": "imgpath",
			"scramble_order": 1,
			"book_id": 70
		},
		{
			"id": 131,
			"text": "Jayden, Kayla, Trey and Jazmin were at the fair.",
			"sound_path": "L 1",
			"order": 0,
			"image_path": "imgpath",
			"scramble_order": 3,
			"book_id": 71
		},
		{
			"id": 132,
			"text": "They went on the Ferris Wheel and the Turtle Ride.",
			"sound_path": "L 2",
			"order": 1,
			"image_path": "imgpath",
			"scramble_order": 1,
			"book_id": 71
		},
		{
			"id": 133,
			"text": "Then they jumped high and played tag on the Moon Bounce.",
			"sound_path": "L 3",
			"order": 2,
			"image_path": "imgpath",
			"scramble_order": 4,
			"book_id": 71
		},
		{
			"id": 134,
			"text": "They liked the Moon Bounce the best.",
			"sound_path": "L 4",
			"order": 3,
			"image_path": "imgpath",
			"scramble_order": 2,
			"book_id": 71
		},
		{
			"id": 135,
			"text": "The Parker family rented a four rider bike.",
			"sound_path": "L 1",
			"order": 0,
			"image_path": "imgpath",
			"scramble_order": 3,
			"book_id": 72
		},
		{
			"id": 136,
			"text": "Everyone pedaled, but Trey steered.",
			"sound_path": "L 2",
			"order": 1,
			"image_path": "imgpath",
			"scramble_order": 4,
			"book_id": 72
		},
		{
			"id": 137,
			"text": "Trey was doing a good job until he took his eyes off the path.",
			"sound_path": "L 3",
			"order": 2,
			"image_path": "imgpath",
			"scramble_order": 1,
			"book_id": 72
		},
		{
			"id": 138,
			"text": "Trey almost hit a puppy, but Dad swerved the bike just in time.",
			"sound_path": "L 4",
			"order": 3,
			"image_path": "imgpath",
			"scramble_order": 2,
			"book_id": 72
		},
		{
			"id": 139,
			"text": "Jayden, Kayla, Trey and Jazmin visited the fire station.",
			"sound_path": "L 1",
			"order": 0,
			"image_path": "imgpath",
			"scramble_order": 4,
			"book_id": 73
		},
		{
			"id": 140,
			"text": "Chief Thompson gave the kids a tour.",
			"sound_path": "L 2",
			"order": 1,
			"image_path": "imgpath",
			"scramble_order": 1,
			"book_id": 73
		},
		{
			"id": 141,
			"text": "The kids slid down the pole and tried on the fire fighters' helmets.",
			"sound_path": "L 3",
			"order": 2,
			"image_path": "imgpath",
			"scramble_order": 3,
			"book_id": 73
		},
		{
			"id": 142,
			"text": "The kids pretended they were fire fighters helping people.",
			"sound_path": "L 4",
			"order": 3,
			"image_path": "imgpath",
			"scramble_order": 2,
			"book_id": 73
		},
		{
			"id": 143,
			"text": "Grandpa Thompson and Tommy went fishing on the lake.",
			"sound_path": "L 1",
			"order": 0,
			"image_path": "imgpath",
			"scramble_order": 4,
			"book_id": 74
		},
		{
			"id": 144,
			"text": "Grandpa gave Tommy a small fishing rod and taught him how to fish.",
			"sound_path": "L 2",
			"order": 1,
			"image_path": "imgpath",
			"scramble_order": 1,
			"book_id": 74
		},
		{
			"id": 145,
			"text": "Tommy caught a little fish.",
			"sound_path": "L 3",
			"order": 2,
			"image_path": "imgpath",
			"scramble_order": 3,
			"book_id": 74
		},
		{
			"id": 146,
			"text": "Tommy let the fish go free. He said, \"Go home, little friend.\"",
			"sound_path": "L 4",
			"order": 3,
			"image_path": "imgpath",
			"scramble_order": 2,
			"book_id": 74
		},
		{
			"id": 147,
			"text": "Trey's dad was painting the kitchen to surprise Mom.",
			"sound_path": "L 1",
			"order": 0,
			"image_path": "imgpath",
			"scramble_order": 1,
			"book_id": 75
		},
		{
			"id": 148,
			"text": "Trey wanted to help paint.",
			"sound_path": "L 2",
			"order": 1,
			"image_path": "imgpath",
			"scramble_order": 3,
			"book_id": 75
		},
		{
			"id": 149,
			"text": "Trey's dad taught him how to paint.",
			"sound_path": "L 3",
			"order": 2,
			"image_path": "imgpath",
			"scramble_order": 2,
			"book_id": 75
		},
		{
			"id": 150,
			"text": "Trey enjoyed helping his Dad. They were good buddies.",
			"sound_path": "L 4",
			"order": 3,
			"image_path": "imgpath",
			"scramble_order": 4,
			"book_id": 75
		},
		{
			"id": 151,
			"text": "The Park Street kids went to Camp Palooza on Monday.",
			"sound_path": "L 1",
			"order": 0,
			"image_path": "imgpath",
			"scramble_order": 2,
			"book_id": 76
		},
		{
			"id": 152,
			"text": "The Park Street kids saw a penguin puppet show.",
			"sound_path": "L 2",
			"order": 1,
			"image_path": "imgpath",
			"scramble_order": 4,
			"book_id": 76
		},
		{
			"id": 153,
			"text": "The Park Street kids saw a show about polar bears.",
			"sound_path": "L 3",
			"order": 2,
			"image_path": "imgpath",
			"scramble_order": 3,
			"book_id": 76
		},
		{
			"id": 154,
			"text": "Tommy tossed a water balloon and Jayden got all wet.",
			"sound_path": "L 4",
			"order": 3,
			"image_path": "imgpath",
			"scramble_order": 1,
			"book_id": 76
		},
		{
			"id": 155,
			"text": "On Tuesday, the Park Street kids went to the Camp Palooza ||\"Ooey Gooey Art Day.\"",
			"sound_path": "L 1",
			"order": 0,
			"image_path": "imgpath",
			"scramble_order": 2,
			"book_id": 77
		},
		{
			"id": 156,
			"text": "The Park Street kids made pictures with sponges dipped in paint.",
			"sound_path": "L 2",
			"order": 1,
			"image_path": "imgpath",
			"scramble_order": 1,
			"book_id": 77
		},
		{
			"id": 157,
			"text": "The Park Street kids worked together finger painting a big picture.",
			"sound_path": "L 3",
			"order": 2,
			"image_path": "imgpath",
			"scramble_order": 4,
			"book_id": 77
		},
		{
			"id": 158,
			"text": "Trey said it was an awesome picture and they could hang it in the tree house.",
			"sound_path": "L 4",
			"order": 3,
			"image_path": "imgpath",
			"scramble_order": 3,
			"book_id": 77
		},
		{
			"id": 159,
			"text": "On Wednesday, the Park Street kids went to Camp Palooza ||\"Fitness Fun Day.\"",
			"sound_path": "L 1",
			"order": 0,
			"image_path": "imgpath",
			"scramble_order": 1,
			"book_id": 78
		},
		{
			"id": 160,
			"text": "The kids danced to loud, happy music.",
			"sound_path": "L 2",
			"order": 1,
			"image_path": "imgpath",
			"scramble_order": 3,
			"book_id": 78
		},
		{
			"id": 161,
			"text": "The kids jumped on pogo sticks.",
			"sound_path": "L 3",
			"order": 2,
			"image_path": "imgpath",
			"scramble_order": 2,
			"book_id": 78
		},
		{
			"id": 162,
			"text": "The kids exercised with hula hoops.",
			"sound_path": "L 4",
			"order": 3,
			"image_path": "imgpath",
			"scramble_order": 4,
			"book_id": 78
		},
		{
			"id": 163,
			"text": "The Park Street kids went to \"Go Green!\" day at Camp Palooza.",
			"sound_path": "L 1",
			"order": 0,
			"image_path": "imgpath",
			"scramble_order": 3,
			"book_id": 79
		},
		{
			"id": 164,
			"text": "The Park Street kids played recycling basketball.",
			"sound_path": "L 2",
			"order": 1,
			"image_path": "imgpath",
			"scramble_order": 1,
			"book_id": 79
		},
		{
			"id": 165,
			"text": "The kids learned about having a garden and saving water.",
			"sound_path": "L 3",
			"order": 2,
			"image_path": "imgpath",
			"scramble_order": 4,
			"book_id": 79
		},
		{
			"id": 166,
			"text": "Kayla and Trey had good ideas to help the environment.",
			"sound_path": "L 4",
			"order": 3,
			"image_path": "imgpath",
			"scramble_order": 2,
			"book_id": 79
		},
		{
			"id": 167,
			"text": "The children went to Bug and Insect Day at Camp Palooza.",
			"sound_path": "L 1",
			"order": 0,
			"image_path": "imgpath",
			"scramble_order": 2,
			"book_id": 80
		},
		{
			"id": 168,
			"text": "The children played a Lady Bug game at Camp Palooza.",
			"sound_path": "L 2",
			"order": 1,
			"image_path": "imgpath",
			"scramble_order": 1,
			"book_id": 80
		},
		{
			"id": 169,
			"text": "The children learned about bees.",
			"sound_path": "L 3",
			"order": 2,
			"image_path": "imgpath",
			"scramble_order": 3,
			"book_id": 80
		},
		{
			"id": 170,
			"text": "Jazmin changed her mind about bugs.",
			"sound_path": "L 4",
			"order": 3,
			"image_path": "imgpath",
			"scramble_order": 4,
			"book_id": 80
		},
		{
			"id": 171,
			"text": "Trey told the other kids his idea for a book club.",
			"sound_path": "L 1",
			"order": 0,
			"image_path": "imgpath",
			"scramble_order": 2,
			"book_id": 81
		},
		{
			"id": 172,
			"text": "Everyone agreed that the book club was a great idea.",
			"sound_path": "L 2",
			"order": 1,
			"image_path": "imgpath",
			"scramble_order": 1,
			"book_id": 81
		},
		{
			"id": 173,
			"text": "The Park Street kids looked at the books they would read.",
			"sound_path": "L 3",
			"order": 2,
			"image_path": "imgpath",
			"scramble_order": 4,
			"book_id": 81
		},
		{
			"id": 174,
			"text": "Jazmin couldn't wait until the next day when they would start reading.",
			"sound_path": "L 4",
			"order": 3,
			"image_path": "imgpath",
			"scramble_order": 3,
			"book_id": 81
		},
		{
			"id": 175,
			"text": "The first little pig built his house of straw and the second little pig built hers out of sticks.",
			"sound_path": "L 1",
			"order": 0,
			"image_path": "imgpath",
			"scramble_order": 4,
			"book_id": 82
		},
		{
			"id": 176,
			"text": "The third little pig worked very hard and built a strong house made of bricks.",
			"sound_path": "L 2",
			"order": 1,
			"image_path": "imgpath",
			"scramble_order": 1,
			"book_id": 82
		},
		{
			"id": 177,
			"text": "The Big Bad Wolf blew down the house of straw and the house of sticks.",
			"sound_path": "L 3",
			"order": 2,
			"image_path": "imgpath",
			"scramble_order": 3,
			"book_id": 82
		},
		{
			"id": 178,
			"text": "The wolf couldn't blow down the house of bricks so the three little pigs were safe.",
			"sound_path": "L 4",
			"order": 3,
			"image_path": "imgpath",
			"scramble_order": 2,
			"book_id": 82
		},
		{
			"id": 179,
			"text": "A bear family went for a walk while their soup cooled down.",
			"sound_path": "L 1",
			"order": 0,
			"image_path": "imgpath",
			"scramble_order": 2,
			"book_id": 83
		},
		{
			"id": 180,
			"text": "Goldilocks went into the bear's cabin and ate all of Baby Bear's soup.",
			"sound_path": "L 2",
			"order": 1,
			"image_path": "imgpath",
			"scramble_order": 1,
			"book_id": 83
		},
		{
			"id": 181,
			"text": "Goldilocks sat in Baby Bear's chair and the chair broke.",
			"sound_path": "L 3",
			"order": 2,
			"image_path": "imgpath",
			"scramble_order": 4,
			"book_id": 83
		},
		{
			"id": 182,
			"text": "The bear family came home and Goldilocks ran away.",
			"sound_path": "L 4",
			"order": 3,
			"image_path": "imgpath",
			"scramble_order": 3,
			"book_id": 83
		},
		{
			"id": 183,
			"text": "Mom asked Little Red to take some cookies to Grammy.",
			"sound_path": "L 1",
			"order": 0,
			"image_path": "imgpath",
			"scramble_order": 2,
			"book_id": 84
		},
		{
			"id": 184,
			"text": "The Big Bad Wolf got to Grammy's house first and got into her bed.",
			"sound_path": "L 2",
			"order": 1,
			"image_path": "imgpath",
			"scramble_order": 3,
			"book_id": 84
		},
		{
			"id": 185,
			"text": "When Little Red saw the wolf in Grammy's bed, she threw her basket at the wolf and ran out the door.",
			"sound_path": "L 3",
			"order": 2,
			"image_path": "imgpath",
			"scramble_order": 4,
			"book_id": 84
		},
		{
			"id": 186,
			"text": "Little Red's dad chased the Big Bad Wolf away and Little Red and ||Grammy were saved.",
			"sound_path": "L 4",
			"order": 3,
			"image_path": "imgpath",
			"scramble_order": 1,
			"book_id": 84
		},
		{
			"id": 187,
			"text": "A little old woman made a gingerbread man and put him on a pan in the oven.",
			"sound_path": "L 1",
			"order": 0,
			"image_path": "imgpath",
			"scramble_order": 2,
			"book_id": 85
		},
		{
			"id": 188,
			"text": "When the little old man opened the oven, the gingerbread man jumped out and ran away.",
			"sound_path": "L 2",
			"order": 1,
			"image_path": "imgpath",
			"scramble_order": 4,
			"book_id": 85
		},
		{
			"id": 189,
			"text": "The gingerbread man kept running until he came to a river.",
			"sound_path": "L 3",
			"order": 2,
			"image_path": "imgpath",
			"scramble_order": 3,
			"book_id": 85
		},
		{
			"id": 190,
			"text": "A fox told the gingerbread man he would take him across the river, but the fox tricked the gingerbread man and ate him up.",
			"sound_path": "L 4",
			"order": 3,
			"image_path": "imgpath",
			"scramble_order": 1,
			"book_id": 85
		}
	]
}