{
	"data":
	[
		{
			"id": 1,
			"question_text": "This is the girl's name.",
			"audio_clip": "question 1",
			"review_on_page_number": 2,
			"book_id": 1
		},
		{
			"id": 2,
			"question_text": "This is the boy's name.",
			"audio_clip": "question 2",
			"review_on_page_number": 3,
			"book_id": 1
		},
		{
			"id": 3,
			"question_text": "This is the number on Kayla and Jayden's house.",
			"audio_clip": "question 3",
			"review_on_page_number": 6,
			"book_id": 1
		},
		{
			"id": 4,
			"question_text": "This is Kayla and Jayden's little friend.",
			"audio_clip": "question 4",
			"review_on_page_number": 4,
			"book_id": 1
		},
		{
			"id": 5,
			"question_text": "What did Boo see?",
			"audio_clip": "question 1",
			"review_on_page_number": 5,
			"book_id": 2
		},
		{
			"id": 6,
			"question_text": "The balloon flew away. How did Kayla feel?",
			"audio_clip": "question 2",
			"review_on_page_number": 7,
			"book_id": 2
		},
		{
			"id": 7,
			"question_text": "Who said \"Let's go!\"?",
			"audio_clip": "question 3",
			"review_on_page_number": 8,
			"book_id": 2
		},
		{
			"id": 8,
			"question_text": "Who said, \"Oh, no!\"?",
			"audio_clip": "question 4",
			"review_on_page_number": 7,
			"book_id": 2
		},
		{
			"id": 9,
			"question_text": "Kayla, Jayden and Boo were here.",
			"audio_clip": "question 1",
			"review_on_page_number": 2,
			"book_id": 3
		},
		{
			"id": 10,
			"question_text": "I made a balloon hat.",
			"audio_clip": "question 2",
			"review_on_page_number": 6,
			"book_id": 3
		},
		{
			"id": 11,
			"question_text": "This is Jayden's balloon.",
			"audio_clip": "question 3",
			"review_on_page_number": 7,
			"book_id": 3
		},
		{
			"id": 12,
			"question_text": "This is the color of Boo's balloon.",
			"audio_clip": "question 4",
			"review_on_page_number": 8,
			"book_id": 3
		},
		{
			"id": 13,
			"question_text": "What was Boo doing?",
			"audio_clip": "question 1",
			"review_on_page_number": 4,
			"book_id": 4
		},
		{
			"id": 14,
			"question_text": "Who said, \"I can hear Boo.\"?",
			"audio_clip": "question 2",
			"review_on_page_number": 5,
			"book_id": 4
		},
		{
			"id": 15,
			"question_text": "Where was Boo hiding?",
			"audio_clip": "question 3",
			"review_on_page_number": 7,
			"book_id": 4
		},
		{
			"id": 16,
			"question_text": "Who said, \"Here I am!\"?",
			"audio_clip": "question 4",
			"review_on_page_number": 8,
			"book_id": 4
		},
		{
			"id": 17,
			"question_text": "Where were Kayla, Jayden and Boo?",
			"audio_clip": "question 1",
			"review_on_page_number": 3,
			"book_id": 5
		},
		{
			"id": 18,
			"question_text": "I have a light.",
			"audio_clip": "question 2",
			"review_on_page_number": 2,
			"book_id": 5
		},
		{
			"id": 19,
			"question_text": "I won.",
			"audio_clip": "question 3",
			"review_on_page_number": 8,
			"book_id": 5
		},
		{
			"id": 20,
			"question_text": "I have two fireflies.",
			"audio_clip": "question 4",
			"review_on_page_number": 7,
			"book_id": 5
		},
		{
			"id": 21,
			"question_text": "I was the judge.",
			"audio_clip": "question 1",
			"review_on_page_number": 8,
			"book_id": 6
		},
		{
			"id": 22,
			"question_text": "I raced with Boo.",
			"audio_clip": "question 2",
			"review_on_page_number": 5,
			"book_id": 6
		},
		{
			"id": 23,
			"question_text": "I raced with Kayla.",
			"audio_clip": "question 3",
			"review_on_page_number": 3,
			"book_id": 6
		},
		{
			"id": 24,
			"question_text": "I said, \"Let's race.\"",
			"audio_clip": "question 4",
			"review_on_page_number": 2,
			"book_id": 6
		},
		{
			"id": 25,
			"question_text": "Where were Kayla, Jayden and Boo?",
			"audio_clip": "question 1",
			"review_on_page_number": 2,
			"book_id": 7
		},
		{
			"id": 26,
			"question_text": "Who said, \"I'm scared to jump.\"?",
			"audio_clip": "question 2",
			"review_on_page_number": 2,
			"book_id": 7
		},
		{
			"id": 27,
			"question_text": "I said, \"Look at me. It's fun!\"",
			"audio_clip": "question 3",
			"review_on_page_number": 4,
			"book_id": 7
		},
		{
			"id": 28,
			"question_text": "How did Boo feel when he jumped?",
			"audio_clip": "question 4",
			"review_on_page_number": 8,
			"book_id": 7
		},
		{
			"id": 29,
			"question_text": "Where were our friends?",
			"audio_clip": "question 1",
			"review_on_page_number": 4,
			"book_id": 8
		},
		{
			"id": 30,
			"question_text": "Why did Mom want Kayla and Jayden to wear swimsuits?",
			"audio_clip": "question 2",
			"review_on_page_number": 4,
			"book_id": 8
		},
		{
			"id": 31,
			"question_text": "Who liked to stay dry?",
			"audio_clip": "question 3",
			"review_on_page_number": 8,
			"book_id": 8
		},
		{
			"id": 32,
			"question_text": "Who liked running through the water?",
			"audio_clip": "question 4",
			"review_on_page_number": 7,
			"book_id": 8
		},
		{
			"id": 33,
			"question_text": "This was the slide at the park.",
			"audio_clip": "question 1",
			"review_on_page_number": 2,
			"book_id": 9
		},
		{
			"id": 34,
			"question_text": "How many bumps did the slide have?",
			"audio_clip": "question 2",
			"review_on_page_number": 3,
			"book_id": 9
		},
		{
			"id": 35,
			"question_text": "We went down the slide.",
			"audio_clip": "question 3",
			"review_on_page_number": 6,
			"book_id": 9
		},
		{
			"id": 36,
			"question_text": "Who said \"Let's go again.\"?",
			"audio_clip": "question 4",
			"review_on_page_number": 8,
			"book_id": 9
		},
		{
			"id": 37,
			"question_text": "What time of day was it?",
			"audio_clip": "question 1",
			"review_on_page_number": 2,
			"book_id": 10
		},
		{
			"id": 38,
			"question_text": "What were our friends looking for?",
			"audio_clip": "question 2",
			"review_on_page_number": 2,
			"book_id": 10
		},
		{
			"id": 39,
			"question_text": "This is how Boo felt when he saw the shooting star.",
			"audio_clip": "question 3",
			"review_on_page_number": 7,
			"book_id": 10
		},
		{
			"id": 40,
			"question_text": "Where were Kayla, Jayden and Boo?",
			"audio_clip": "question 4",
			"review_on_page_number": 5,
			"book_id": 10
		},
		{
			"id": 41,
			"question_text": "I have a kite.",
			"audio_clip": "question 1",
			"review_on_page_number": 2,
			"book_id": 11
		},
		{
			"id": 42,
			"question_text": "How many tails did Boo's kite have?",
			"audio_clip": "question 2",
			"review_on_page_number": 4,
			"book_id": 11
		},
		{
			"id": 43,
			"question_text": "I said, \"Now it's your turn, Jayden.\"",
			"audio_clip": "question 3",
			"review_on_page_number": 8,
			"book_id": 11
		},
		{
			"id": 44,
			"question_text": "Boo is kind.",
			"audio_clip": "question 4",
			"review_on_page_number": 6,
			"book_id": 11
		},
		{
			"id": 45,
			"question_text": "Boo said, \"Look at the swings.\" How many swings did Boo see?",
			"audio_clip": "question 1",
			"review_on_page_number": 2,
			"book_id": 12
		},
		{
			"id": 46,
			"question_text": "Who taught Boo how to swing high?",
			"audio_clip": "question 2",
			"review_on_page_number": 4,
			"book_id": 12
		},
		{
			"id": 47,
			"question_text": "Who said, \"I'm flying\"?",
			"audio_clip": "question 3",
			"review_on_page_number": 5,
			"book_id": 12
		},
		{
			"id": 48,
			"question_text": "Who said, \"I like the wind in my fur.\"",
			"audio_clip": "question 4",
			"review_on_page_number": 8,
			"book_id": 12
		},
		{
			"id": 49,
			"question_text": "Boo, Kayla and Jayden went on this ride.",
			"audio_clip": "question 1",
			"review_on_page_number": 7,
			"book_id": 13
		},
		{
			"id": 50,
			"question_text": "I like going up high.",
			"audio_clip": "question 2",
			"review_on_page_number": 7,
			"book_id": 13
		},
		{
			"id": 51,
			"question_text": "I like going around and around.",
			"audio_clip": "question 3",
			"review_on_page_number": 7,
			"book_id": 13
		},
		{
			"id": 52,
			"question_text": "I like sitting on top of the world.",
			"audio_clip": "question 4",
			"review_on_page_number": 8,
			"book_id": 13
		},
		{
			"id": 53,
			"question_text": "Where were Kayla and Jayden going?",
			"audio_clip": "question 1",
			"review_on_page_number": 4,
			"book_id": 14
		},
		{
			"id": 54,
			"question_text": "Boo was walking slowly. How did he feel?",
			"audio_clip": "question 2",
			"review_on_page_number": 5,
			"book_id": 14
		},
		{
			"id": 55,
			"question_text": "What was Jayden's idea?",
			"audio_clip": "question 3",
			"review_on_page_number": 7,
			"book_id": 14
		},
		{
			"id": 56,
			"question_text": "Jayden gave Boo a piggyback ride. How did Boo feel?",
			"audio_clip": "question 4",
			"review_on_page_number": 8,
			"book_id": 14
		},
		{
			"id": 57,
			"question_text": "It was time for the fireworks to start.",
			"audio_clip": "question 1",
			"review_on_page_number": 2,
			"book_id": 15
		},
		{
			"id": 58,
			"question_text": "Who said, \"The fireworks are like a party in the sky!\"?",
			"audio_clip": "question 2",
			"review_on_page_number": 5,
			"book_id": 15
		},
		{
			"id": 59,
			"question_text": "Who said, \"Look at all the colors.\"?",
			"audio_clip": "question 3",
			"review_on_page_number": 6,
			"book_id": 15
		},
		{
			"id": 60,
			"question_text": "Kayla, Jayden and Boo watched the last one. This is what they said.",
			"audio_clip": "question 4",
			"review_on_page_number": 8,
			"book_id": 15
		},
		{
			"id": 61,
			"question_text": "Where was Boo?",
			"audio_clip": "question 1",
			"review_on_page_number": 2,
			"book_id": 16
		},
		{
			"id": 62,
			"question_text": "Who was having a birthday?",
			"audio_clip": "question 2",
			"review_on_page_number": 3,
			"book_id": 16
		},
		{
			"id": 63,
			"question_text": "What gift did Boo buy for Kayla and Jayden?",
			"audio_clip": "question 3",
			"review_on_page_number": 5,
			"book_id": 16
		},
		{
			"id": 64,
			"question_text": "How did Kayla and Jayden feel when they saw Boo's gift?",
			"audio_clip": "question 4",
			"review_on_page_number": 7,
			"book_id": 16
		},
		{
			"id": 65,
			"question_text": "Where were our friends?",
			"audio_clip": "question 1",
			"review_on_page_number": 4,
			"book_id": 17
		},
		{
			"id": 66,
			"question_text": "Who was too little to play?",
			"audio_clip": "question 2",
			"review_on_page_number": 3,
			"book_id": 17
		},
		{
			"id": 67,
			"question_text": "Jayden said, \"Nice shot.\" Who shot the ball into the hoop?",
			"audio_clip": "question 3",
			"review_on_page_number": 4,
			"book_id": 17
		},
		{
			"id": 68,
			"question_text": "Jayden wanted Boo to have fun too. What was his idea?",
			"audio_clip": "question 4",
			"review_on_page_number": 7,
			"book_id": 17
		},
		{
			"id": 69,
			"question_text": "Who was having a birthday?",
			"audio_clip": "question 1",
			"review_on_page_number": 2,
			"book_id": 18
		},
		{
			"id": 70,
			"question_text": "How old are Jayden and Kayla?",
			"audio_clip": "question 2",
			"review_on_page_number": 4,
			"book_id": 18
		},
		{
			"id": 71,
			"question_text": "I helped blow out the candles.",
			"audio_clip": "question 3",
			"review_on_page_number": 6,
			"book_id": 18
		},
		{
			"id": 72,
			"question_text": "How many pieces of cake did Boo eat?",
			"audio_clip": "question 4",
			"review_on_page_number": 7,
			"book_id": 18
		},
		{
			"id": 73,
			"question_text": "What did Kayla lose?",
			"audio_clip": "question 1",
			"review_on_page_number": 2,
			"book_id": 19
		},
		{
			"id": 74,
			"question_text": "Where did Kayla find her sunglasses?",
			"audio_clip": "question 2",
			"review_on_page_number": 8,
			"book_id": 19
		},
		{
			"id": 75,
			"question_text": "Who said, \"Keep looking. You will find them.\"?",
			"audio_clip": "question 3",
			"review_on_page_number": 5,
			"book_id": 19
		},
		{
			"id": 76,
			"question_text": "Who was Boo pretending to be?",
			"audio_clip": "question 4",
			"review_on_page_number": 8,
			"book_id": 19
		},
		{
			"id": 77,
			"question_text": "What time of day was it?",
			"audio_clip": "question 1",
			"review_on_page_number": 2,
			"book_id": 20
		},
		{
			"id": 78,
			"question_text": "What were Kayla, Jayden and Boo doing?",
			"audio_clip": "question 2",
			"review_on_page_number": 2,
			"book_id": 20
		},
		{
			"id": 79,
			"question_text": "Boo had an idea. How many marshmallows did he want to roast?",
			"audio_clip": "question 3",
			"review_on_page_number": 7,
			"book_id": 20
		},
		{
			"id": 80,
			"question_text": "Boo was kind. What was he going to do with five marshmallows?",
			"audio_clip": "question 4",
			"review_on_page_number": 8,
			"book_id": 20
		},
		{
			"id": 81,
			"question_text": "We read Boo's Bling. What is bling?",
			"audio_clip": "question 1",
			"review_on_page_number": 8,
			"book_id": 21
		},
		{
			"id": 82,
			"question_text": "Where did Kayla and Jayden find Boo?",
			"audio_clip": "question 2",
			"review_on_page_number": 8,
			"book_id": 21
		},
		{
			"id": 83,
			"question_text": "Who owns the jewelry?",
			"audio_clip": "question 3",
			"review_on_page_number": 4,
			"book_id": 21
		},
		{
			"id": 84,
			"question_text": "How did Boo feel in this story?",
			"audio_clip": "question 4",
			"review_on_page_number": 8,
			"book_id": 21
		},
		{
			"id": 85,
			"question_text": "Who was Boo pretending to be?",
			"audio_clip": "question 1",
			"review_on_page_number": 2,
			"book_id": 22
		},
		{
			"id": 86,
			"question_text": "Where were our friends playing?",
			"audio_clip": "question 2",
			"review_on_page_number": 2,
			"book_id": 22
		},
		{
			"id": 87,
			"question_text": "Where did Boo meet Kayla and Jayden?",
			"audio_clip": "question 3",
			"review_on_page_number": 3,
			"book_id": 22
		},
		{
			"id": 88,
			"question_text": "Boo's idea was to race to the top of the dome. Who won?",
			"audio_clip": "question 4",
			"review_on_page_number": 8,
			"book_id": 22
		},
		{
			"id": 89,
			"question_text": "Where were Kayla, Jayden and Boo?",
			"audio_clip": "question 1",
			"review_on_page_number": 2,
			"book_id": 23
		},
		{
			"id": 90,
			"question_text": "What did Kayla find in the woods?",
			"audio_clip": "question 2",
			"review_on_page_number": 3,
			"book_id": 23
		},
		{
			"id": 91,
			"question_text": "How did Boo feel when he walked on the log?",
			"audio_clip": "question 3",
			"review_on_page_number": 6,
			"book_id": 23
		},
		{
			"id": 92,
			"question_text": "Who said, \"I can dance on the log.\"?",
			"audio_clip": "question 4",
			"review_on_page_number": 8,
			"book_id": 23
		},
		{
			"id": 93,
			"question_text": "Where were Kayla, Jayden and Boo?",
			"audio_clip": "question 1",
			"review_on_page_number": 1,
			"book_id": 24
		},
		{
			"id": 94,
			"question_text": "What ride did Boo want to go on?",
			"audio_clip": "question 2",
			"review_on_page_number": 2,
			"book_id": 24
		},
		{
			"id": 95,
			"question_text": "Where did Boo sit?",
			"audio_clip": "question 3",
			"review_on_page_number": 4,
			"book_id": 24
		},
		{
			"id": 96,
			"question_text": "How can you tell Boo loved the Turtle Ride?",
			"audio_clip": "question 4",
			"review_on_page_number": 8,
			"book_id": 24
		},
		{
			"id": 97,
			"question_text": "When is the best time of day to play with glowsticks?",
			"audio_clip": "question 1",
			"review_on_page_number": 5,
			"book_id": 25
		},
		{
			"id": 98,
			"question_text": "Boo shared his glowsticks. What color did he give Kayla?",
			"audio_clip": "question 2",
			"review_on_page_number": 4,
			"book_id": 25
		},
		{
			"id": 99,
			"question_text": "What did Kayla do with her glowstick?",
			"audio_clip": "question 3",
			"review_on_page_number": 6,
			"book_id": 25
		},
		{
			"id": 100,
			"question_text": "Who said, \"Bend them and they light up.\"?",
			"audio_clip": "question 4",
			"review_on_page_number": 3,
			"book_id": 25
		},
		{
			"id": 101,
			"question_text": "Where were Kayla, Jayden and Boo?",
			"audio_clip": "question 1",
			"review_on_page_number": 2,
			"book_id": 26
		},
		{
			"id": 102,
			"question_text": "Who pushed the cart?",
			"audio_clip": "question 2",
			"review_on_page_number": 3,
			"book_id": 26
		},
		{
			"id": 103,
			"question_text": "Who wanted to go fast?",
			"audio_clip": "question 3",
			"review_on_page_number": 7,
			"book_id": 26
		},
		{
			"id": 104,
			"question_text": "Who said, \"Be careful, Jayden.\"?",
			"audio_clip": "question 4",
			"review_on_page_number": 6,
			"book_id": 26
		},
		{
			"id": 105,
			"question_text": "Who had the idea to play on the roundabout?",
			"audio_clip": "question 1",
			"review_on_page_number": 3,
			"book_id": 27
		},
		{
			"id": 106,
			"question_text": "Who was Boo pretending to be?",
			"audio_clip": "question 2",
			"review_on_page_number": 3,
			"book_id": 27
		},
		{
			"id": 107,
			"question_text": "Who pushed the roundabout first?",
			"audio_clip": "question 3",
			"review_on_page_number": 4,
			"book_id": 27
		},
		{
			"id": 108,
			"question_text": "Who was dizzy?",
			"audio_clip": "question 4",
			"review_on_page_number": 9,
			"book_id": 27
		},
		{
			"id": 109,
			"question_text": "I gave Kayla, Jayden and Boo a present.",
			"audio_clip": "question 1",
			"review_on_page_number": 2,
			"book_id": 28
		},
		{
			"id": 110,
			"question_text": "I made a line in the air.",
			"audio_clip": "question 2",
			"review_on_page_number": 3,
			"book_id": 28
		},
		{
			"id": 111,
			"question_text": "I printed my name in the air.",
			"audio_clip": "question 3",
			"review_on_page_number": 8,
			"book_id": 28
		},
		{
			"id": 112,
			"question_text": "Where were Kayla, Jayden and Boo playing?",
			"audio_clip": "question 4",
			"review_on_page_number": 3,
			"book_id": 28
		},
		{
			"id": 113,
			"question_text": "Where were Kayla, Jayden and Boo?",
			"audio_clip": "question 1",
			"review_on_page_number": 2,
			"book_id": 29
		},
		{
			"id": 114,
			"question_text": "Jayden liked the colors on the pinwheel. How many colors did you see?",
			"audio_clip": "question 2",
			"review_on_page_number": 4,
			"book_id": 29
		},
		{
			"id": 115,
			"question_text": "How did Boo make the swirly fan go fast?",
			"audio_clip": "question 3",
			"review_on_page_number": 3,
			"book_id": 29
		},
		{
			"id": 116,
			"question_text": "Who had an idea to make the swirly fan go even faster?",
			"audio_clip": "question 4",
			"review_on_page_number": 9,
			"book_id": 29
		},
		{
			"id": 117,
			"question_text": "What did Boo want to find?",
			"audio_clip": "question 1",
			"review_on_page_number": 6,
			"book_id": 30
		},
		{
			"id": 118,
			"question_text": "What color was Super Boo's cape?",
			"audio_clip": "question 2",
			"review_on_page_number": 5,
			"book_id": 30
		},
		{
			"id": 119,
			"question_text": "Who said, \"Follow me. I will find a rainbow.\"?",
			"audio_clip": "question 3",
			"review_on_page_number": 8,
			"book_id": 30
		},
		{
			"id": 120,
			"question_text": "Who found a rainbow first?",
			"audio_clip": "question 4",
			"review_on_page_number": 9,
			"book_id": 30
		},
		{
			"id": 121,
			"question_text": "What time of day was it?",
			"audio_clip": "question 1",
			"review_on_page_number": 2,
			"book_id": 31
		},
		{
			"id": 122,
			"question_text": "Kayla, Jayden and Boo had a problem.",
			"audio_clip": "question 2",
			"review_on_page_number": 2,
			"book_id": 31
		},
		{
			"id": 123,
			"question_text": "What did Boo have to help find the path?",
			"audio_clip": "question 3",
			"review_on_page_number": 4,
			"book_id": 31
		},
		{
			"id": 124,
			"question_text": "What were Kayla, Jayden and Boo trying to find?",
			"audio_clip": "question 4",
			"review_on_page_number": 6,
			"book_id": 31
		},
		{
			"id": 125,
			"question_text": "Who was lost?",
			"audio_clip": "question 1",
			"review_on_page_number": 5,
			"book_id": 32
		},
		{
			"id": 126,
			"question_text": "Who was looking for the puppy?",
			"audio_clip": "question 2",
			"review_on_page_number": 7,
			"book_id": 32
		},
		{
			"id": 127,
			"question_text": "Who said, \"You found us!\"?",
			"audio_clip": "question 3",
			"review_on_page_number": 9,
			"book_id": 32
		},
		{
			"id": 128,
			"question_text": "Who said, \"You found your family!\"?",
			"audio_clip": "question 4",
			"review_on_page_number": 9,
			"book_id": 32
		},
		{
			"id": 129,
			"question_text": "Where were Kayla, Jayden and Boo?",
			"audio_clip": "question 1",
			"review_on_page_number": 5,
			"book_id": 33
		},
		{
			"id": 130,
			"question_text": "Who packed the lunch?",
			"audio_clip": "question 2",
			"review_on_page_number": 4,
			"book_id": 33
		},
		{
			"id": 131,
			"question_text": "What did our friends forget to bring?",
			"audio_clip": "question 3",
			"review_on_page_number": 7,
			"book_id": 33
		},
		{
			"id": 132,
			"question_text": "Boo had a good idea. What did he give Jayden?",
			"audio_clip": "question 4",
			"review_on_page_number": 8,
			"book_id": 33
		},
		{
			"id": 133,
			"question_text": "Where did Kayla, Jayden and Boo go?",
			"audio_clip": "question 1",
			"review_on_page_number": 2,
			"book_id": 34
		},
		{
			"id": 134,
			"question_text": "How many scoops of ice cream did Boo want?",
			"audio_clip": "question 2",
			"review_on_page_number": 5,
			"book_id": 34
		},
		{
			"id": 135,
			"question_text": "How did Boo feel when he dropped his ice cream?",
			"audio_clip": "question 3",
			"review_on_page_number": 8,
			"book_id": 34
		},
		{
			"id": 136,
			"question_text": "What was Boo's favorite flavor of ice cream?",
			"audio_clip": "question 4",
			"review_on_page_number": 9,
			"book_id": 34
		},
		{
			"id": 137,
			"question_text": "What time of year was it?",
			"audio_clip": "question 1",
			"review_on_page_number": 2,
			"book_id": 35
		},
		{
			"id": 138,
			"question_text": "What were Kayla, Jayden and Boo doing?",
			"audio_clip": "question 2",
			"review_on_page_number": 3,
			"book_id": 35
		},
		{
			"id": 139,
			"question_text": "Who ran to get the sled?",
			"audio_clip": "question 3",
			"review_on_page_number": 4,
			"book_id": 35
		},
		{
			"id": 140,
			"question_text": "Boo has a new name in this story.",
			"audio_clip": "question 4",
			"review_on_page_number": 9,
			"book_id": 35
		},
		{
			"id": 146,
			"question_text": "I'm the girl next door to Kayla and Jayden.",
			"audio_clip": "question 1",
			"review_on_page_number": 8,
			"book_id": 37
		},
		{
			"id": 147,
			"question_text": "I'm the boy next door to Kayla and Jayden.",
			"audio_clip": "question 2",
			"review_on_page_number": 8,
			"book_id": 37
		},
		{
			"id": 148,
			"question_text": "Mom made this for the new neighbors.",
			"audio_clip": "question 3",
			"review_on_page_number": 4,
			"book_id": 37
		},
		{
			"id": 149,
			"question_text": "This is the kitten's name.",
			"audio_clip": "question 1",
			"review_on_page_number": 7,
			"book_id": 38
		},
		{
			"id": 150,
			"question_text": "This is what Kayla made for Snowball.",
			"audio_clip": "question 2",
			"review_on_page_number": 8,
			"book_id": 38
		},
		{
			"id": 151,
			"question_text": "I played with Snowball.",
			"audio_clip": "question 3",
			"review_on_page_number": 8,
			"book_id": 38
		},
		{
			"id": 152,
			"question_text": "We watched Kayla and Jayden in the parade.",
			"audio_clip": "question 1",
			"review_on_page_number": 2,
			"book_id": 39
		},
		{
			"id": 153,
			"question_text": "This is Kayla and Jayden's school.",
			"audio_clip": "question 2",
			"review_on_page_number": 4,
			"book_id": 39
		},
		{
			"id": 154,
			"question_text": "This is Jayden's hat.",
			"audio_clip": "question 3",
			"review_on_page_number": 8,
			"book_id": 39
		},
		{
			"id": 155,
			"question_text": "I knew how to throw the football, but I didn't know how to catch it.",
			"audio_clip": "question 1",
			"review_on_page_number": 4,
			"book_id": 40
		},
		{
			"id": 156,
			"question_text": "I played catch with Jazmin.",
			"audio_clip": "question 2",
			"review_on_page_number": 9,
			"book_id": 40
		},
		{
			"id": 157,
			"question_text": "Why was Jazmin proud?",
			"audio_clip": "question 3",
			"review_on_page_number": 7,
			"book_id": 40
		},
		{
			"id": 158,
			"question_text": "I tried to touch the clouds.",
			"audio_clip": "question 1",
			"review_on_page_number": 3,
			"book_id": 41
		},
		{
			"id": 159,
			"question_text": "I turned around when I jumped.",
			"audio_clip": "question 2",
			"review_on_page_number": 4,
			"book_id": 41
		},
		{
			"id": 160,
			"question_text": "We held hands when we jumped.",
			"audio_clip": "question 3",
			"review_on_page_number": 6,
			"book_id": 41
		},
		{
			"id": 161,
			"question_text": "Who had a problem?",
			"audio_clip": "question 1",
			"review_on_page_number": 4,
			"book_id": 42
		},
		{
			"id": 162,
			"question_text": "Who discovered Snowball couldn't get down?",
			"audio_clip": "question 2",
			"review_on_page_number": 4,
			"book_id": 42
		},
		{
			"id": 163,
			"question_text": "Why did the kids bring a ladder?",
			"audio_clip": "question 3",
			"review_on_page_number": 7,
			"book_id": 42
		},
		{
			"id": 164,
			"question_text": "What color was Kayla's bike?",
			"audio_clip": "question 1",
			"review_on_page_number": 2,
			"book_id": 43
		},
		{
			"id": 165,
			"question_text": "How can you tell Kayla was scared?",
			"audio_clip": "question 2",
			"review_on_page_number": 6,
			"book_id": 43
		},
		{
			"id": 166,
			"question_text": "Who said, \"Good job, Kayla,\"?",
			"audio_clip": "question 3",
			"review_on_page_number": 5,
			"book_id": 43
		},
		{
			"id": 167,
			"question_text": "How did Kayla and Jayden feel about raking the leaves?",
			"audio_clip": "question 1",
			"review_on_page_number": 4,
			"book_id": 44
		},
		{
			"id": 168,
			"question_text": "Who helped the twins?",
			"audio_clip": "question 2",
			"review_on_page_number": 7,
			"book_id": 44
		},
		{
			"id": 169,
			"question_text": "Whose idea was it to jump in the leaves together?",
			"audio_clip": "question 3",
			"review_on_page_number": 8,
			"book_id": 44
		},
		{
			"id": 170,
			"question_text": "How did our friends feel about going to the carwash?",
			"audio_clip": "question 1",
			"review_on_page_number": 3,
			"book_id": 45
		},
		{
			"id": 171,
			"question_text": "Who pushed the buttons to start the carwash?",
			"audio_clip": "question 2",
			"review_on_page_number": 5,
			"book_id": 45
		},
		{
			"id": 172,
			"question_text": "What did Tommy compare washing the car to?",
			"audio_clip": "question 3",
			"review_on_page_number": 9,
			"book_id": 45
		},
		{
			"id": 173,
			"question_text": "This was how Boo went on his trip.",
			"audio_clip": "question 1",
			"review_on_page_number": 6,
			"book_id": 36
		},
		{
			"id": 174,
			"question_text": "This was how the train went.",
			"audio_clip": "question 2",
			"review_on_page_number": 8,
			"book_id": 36
		},
		{
			"id": 175,
			"question_text": "This was who will go to the park with Kayla and Jayden.",
			"audio_clip": "question 3",
			"review_on_page_number": 9,
			"book_id": 36
		},
		{
			"id": 176,
			"question_text": "How did our friends get up to the tree house?",
			"audio_clip": "question 1",
			"review_on_page_number": 7,
			"book_id": 46
		},
		{
			"id": 177,
			"question_text": "Jayden couldn't find Trey. What did Trey say to help Jayden?",
			"audio_clip": "question 2",
			"review_on_page_number": 5,
			"book_id": 46
		},
		{
			"id": 178,
			"question_text": "Who said, \"Welcome to my tree house.\"?",
			"audio_clip": "question 3",
			"review_on_page_number": 9,
			"book_id": 46
		},
		{
			"id": 179,
			"question_text": "I am Trey's dog.",
			"audio_clip": "question 1",
			"review_on_page_number": 2,
			"book_id": 47
		},
		{
			"id": 180,
			"question_text": "I knew Bebop wanted to go for a walk.",
			"audio_clip": "question 2",
			"review_on_page_number": 2,
			"book_id": 47
		},
		{
			"id": 181,
			"question_text": "I tell Trey and Jazmin when I want something.",
			"audio_clip": "question 3",
			"review_on_page_number": 2,
			"book_id": 47
		},
		{
			"id": 182,
			"question_text": "I went down the water slide on my back.",
			"audio_clip": "question 1",
			"review_on_page_number": 7,
			"book_id": 48
		},
		{
			"id": 183,
			"question_text": "Where were Trey and Jazmin?",
			"audio_clip": "question 2",
			"review_on_page_number": 2,
			"book_id": 48
		},
		{
			"id": 184,
			"question_text": "Why did Jazmin and Trey love the water slide?",
			"audio_clip": "question 3",
			"review_on_page_number": 8,
			"book_id": 48
		},
		{
			"id": 185,
			"question_text": "Where was Chummy hiding?",
			"audio_clip": "question 1",
			"review_on_page_number": 5,
			"book_id": 49
		},
		{
			"id": 186,
			"question_text": "What was Jazmin's plan?",
			"audio_clip": "question 2",
			"review_on_page_number": 6,
			"book_id": 49
		},
		{
			"id": 187,
			"question_text": "How was Chummy different than Bebop?",
			"audio_clip": "question 3",
			"review_on_page_number": 4,
			"book_id": 49
		},
		{
			"id": 188,
			"question_text": "I had a birthday.",
			"audio_clip": "question 1",
			"review_on_page_number": 2,
			"book_id": 50
		},
		{
			"id": 189,
			"question_text": "The surprise party was here.",
			"audio_clip": "question 2",
			"review_on_page_number": 2,
			"book_id": 50
		},
		{
			"id": 190,
			"question_text": "We surprised Jazmin.",
			"audio_clip": "question 34",
			"review_on_page_number": 2,
			"book_id": 50
		},
		{
			"id": 191,
			"question_text": "Who didn't know how to make a snow angel?",
			"audio_clip": "question 1",
			"review_on_page_number": 4,
			"book_id": 51
		},
		{
			"id": 192,
			"question_text": "Kayla told Tommy that making a snow angel was like something he already knew how to do.",
			"audio_clip": "question 2",
			"review_on_page_number": 5,
			"book_id": 51
		},
		{
			"id": 193,
			"question_text": "We showed Tommy how to make a snow angel.",
			"audio_clip": "question 3",
			"review_on_page_number": 5,
			"book_id": 51
		},
		{
			"id": 194,
			"question_text": "How did Tommy feel about the wagon ride?",
			"audio_clip": "question 1",
			"review_on_page_number": 4,
			"book_id": 52
		},
		{
			"id": 195,
			"question_text": "Why do our friends always have fun together?",
			"audio_clip": "question 2",
			"review_on_page_number": 2,
			"book_id": 52
		},
		{
			"id": 196,
			"question_text": "What happened in the story \"The Red Wagon\"?",
			"audio_clip": "question 3",
			"review_on_page_number": 7,
			"book_id": 52
		},
		{
			"id": 197,
			"question_text": "I was hungry.",
			"audio_clip": "question 1",
			"review_on_page_number": 4,
			"book_id": 53
		},
		{
			"id": 198,
			"question_text": "I helped Tommy get breakfast.",
			"audio_clip": "question 2",
			"review_on_page_number": 5,
			"book_id": 53
		},
		{
			"id": 199,
			"question_text": "How did Tommy feel when there was no milk for his cereal?",
			"audio_clip": "question 3",
			"review_on_page_number": 7,
			"book_id": 53
		},
		{
			"id": 200,
			"question_text": "Where did Tommy have his lemonade stand?",
			"audio_clip": "question 1",
			"review_on_page_number": 2,
			"book_id": 54
		},
		{
			"id": 201,
			"question_text": "Where did the kids find the pennies?",
			"audio_clip": "question 2",
			"review_on_page_number": 3,
			"book_id": 54
		},
		{
			"id": 202,
			"question_text": "How much did a glass of lemonade cost?",
			"audio_clip": "question 3",
			"review_on_page_number": 6,
			"book_id": 54
		},
		{
			"id": 203,
			"question_text": "What was the shape of Trey's cake?",
			"audio_clip": "question 1",
			"review_on_page_number": 3,
			"book_id": 55
		},
		{
			"id": 204,
			"question_text": "What color were the spots on the soccer ball?",
			"audio_clip": "question 2",
			"review_on_page_number": 6,
			"book_id": 55
		},
		{
			"id": 205,
			"question_text": "Why did they make a soccer cake?",
			"audio_clip": "question 3",
			"review_on_page_number": 3,
			"book_id": 55
		},
		{
			"id": 206,
			"question_text": "What problem did Tommy have?",
			"audio_clip": "question 1",
			"review_on_page_number": 3,
			"book_id": 56
		},
		{
			"id": 207,
			"question_text": "Why did Tommy have cold hands?",
			"audio_clip": "question 2",
			"review_on_page_number": 3,
			"book_id": 56
		},
		{
			"id": 208,
			"question_text": "Who had an idea to have hot chocolate to warm up?",
			"audio_clip": "question 3",
			"review_on_page_number": 5,
			"book_id": 56
		},
		{
			"id": 209,
			"question_text": "Where were Jazmin and Kayla playing?",
			"audio_clip": "question 1",
			"review_on_page_number": 2,
			"book_id": 57
		},
		{
			"id": 210,
			"question_text": "What problem did Jazmin have?",
			"audio_clip": "question 2",
			"review_on_page_number": 5,
			"book_id": 57
		},
		{
			"id": 211,
			"question_text": "Where did Jazmin find her necklace?",
			"audio_clip": "question 3",
			"review_on_page_number": 8,
			"book_id": 57
		},
		{
			"id": 212,
			"question_text": "What was Jayden's favorite color?",
			"audio_clip": "question 1",
			"review_on_page_number": 3,
			"book_id": 58
		},
		{
			"id": 213,
			"question_text": "Why was Jayden relieved when he heard the click?",
			"audio_clip": "question 2",
			"review_on_page_number": 9,
			"book_id": 58
		},
		{
			"id": 214,
			"question_text": "Where were the pictures taken?",
			"audio_clip": "question 3",
			"review_on_page_number": 4,
			"book_id": 58
		},
		{
			"id": 215,
			"question_text": "What color was Koko?",
			"audio_clip": "question 1",
			"review_on_page_number": 3,
			"book_id": 59
		},
		{
			"id": 216,
			"question_text": "How did Mom make friends with Koko?",
			"audio_clip": "question 2",
			"review_on_page_number": 5,
			"book_id": 59
		},
		{
			"id": 217,
			"question_text": "What is the story \"Koko the Horse\" about?",
			"audio_clip": "question 3",
			"review_on_page_number": 5,
			"book_id": 59
		},
		{
			"id": 219,
			"question_text": "Who was the big boy with the new shoes?",
			"audio_clip": "question 1",
			"review_on_page_number": 9,
			"book_id": 60
		},
		{
			"id": 220,
			"question_text": "Why did Tommy run and hop around the store?",
			"audio_clip": "question 2",
			"review_on_page_number": 5,
			"book_id": 60
		},
		{
			"id": 221,
			"question_text": "Tommy walked down the street with his new shoes. What will happen next?",
			"audio_clip": "question 3",
			"review_on_page_number": 9,
			"book_id": 60
		},
		{
			"id": 222,
			"question_text": "Who said, \"I'm going to make something really fun to play with.\"?",
			"audio_clip": "question 1",
			"review_on_page_number": 2,
			"book_id": 61
		},
		{
			"id": 223,
			"question_text": "Where did Dad make the tire swing?",
			"audio_clip": "question 2",
			"review_on_page_number": 2,
			"book_id": 61
		},
		{
			"id": 224,
			"question_text": "What is the story, \"The Tire Swing\" about?",
			"audio_clip": "question 3",
			"review_on_page_number": 2,
			"book_id": 61
		},
		{
			"id": 225,
			"question_text": "How many pieces were in Tommy's puzzle?",
			"audio_clip": "question 1",
			"review_on_page_number": 3,
			"book_id": 62
		},
		{
			"id": 226,
			"question_text": "Why did Jayden and Kayla help Tommy with the puzzle?",
			"audio_clip": "question 2",
			"review_on_page_number": 9,
			"book_id": 62
		},
		{
			"id": 227,
			"question_text": "How did Tommy feel when he finished the puzzle?",
			"audio_clip": "question 3",
			"review_on_page_number": 8,
			"book_id": 62
		},
		{
			"id": 228,
			"question_text": "Why was Jazmin upset?",
			"audio_clip": "question 1",
			"review_on_page_number": 4,
			"book_id": 63
		},
		{
			"id": 229,
			"question_text": "How many goldfish did Trey and Jazmin have?",
			"audio_clip": "question 2",
			"review_on_page_number": 6,
			"book_id": 63
		},
		{
			"id": 230,
			"question_text": "What did Trey and Jazmin do?",
			"audio_clip": "question 3",
			"review_on_page_number": 9,
			"book_id": 63
		},
		{
			"id": 231,
			"question_text": "Characters are the people in a story. Sometimes a story can be||mostly about one person. That person is the main character. ||Who is the main character in \"Microwave Oops!\"?",
			"audio_clip": "question 1",
			"review_on_page_number": 2,
			"book_id": 64
		},
		{
			"id": 232,
			"question_text": "What was the noise that woke everyone up?",
			"audio_clip": "question 2",
			"review_on_page_number": 7,
			"book_id": 64
		},
		{
			"id": 233,
			"question_text": "Why was Trey trying to be quiet?",
			"audio_clip": "question 3",
			"review_on_page_number": 2,
			"book_id": 64
		},
		{
			"id": 234,
			"question_text": "Who said, \"Look at all the snow coming down?\"",
			"audio_clip": "question 1",
			"review_on_page_number": 2,
			"book_id": 65
		},
		{
			"id": 235,
			"question_text": "Who is the main character in the story?",
			"audio_clip": "question 2",
			"review_on_page_number": 6,
			"book_id": 65
		},
		{
			"id": 236,
			"question_text": "At the end of the story how did Snowball feel?",
			"audio_clip": "question 3",
			"review_on_page_number": 7,
			"book_id": 65
		},
		{
			"id": 237,
			"question_text": "Who is the author of the story?",
			"audio_clip": "question 1",
			"review_on_page_number": 1,
			"book_id": 66
		},
		{
			"id": 238,
			"question_text": "Why did the mother bird leave the nest?",
			"audio_clip": "question 2",
			"review_on_page_number": 7,
			"book_id": 66
		},
		{
			"id": 239,
			"question_text": "Why did our friends go to the park?",
			"audio_clip": "question 3",
			"review_on_page_number": 3,
			"book_id": 66
		},
		{
			"id": 240,
			"question_text": "For which activity did Trey need his glasses?",
			"audio_clip": "question 1",
			"review_on_page_number": 7,
			"book_id": 67
		},
		{
			"id": 241,
			"question_text": "Why did Trey's mom take him to see Dr. Rusk?",
			"audio_clip": "question 2",
			"review_on_page_number": 3,
			"book_id": 67
		},
		{
			"id": 242,
			"question_text": "What question did Trey ask Dr. Rusk?",
			"audio_clip": "question 3",
			"review_on_page_number": 7,
			"book_id": 67
		},
		{
			"id": 243,
			"question_text": "Why was Jazmin upset?",
			"audio_clip": "question 1",
			"review_on_page_number": 6,
			"book_id": 68
		},
		{
			"id": 244,
			"question_text": "Who helped Jazmin feel better?",
			"audio_clip": "question 2",
			"review_on_page_number": 8,
			"book_id": 68
		},
		{
			"id": 245,
			"question_text": "How were the stories, \"Jazmin's Bad Day\" and \"Microwave Oops\" similar?",
			"audio_clip": "question 3",
			"review_on_page_number": 3,
			"book_id": 68
		},
		{
			"id": 246,
			"question_text": "Who thought the family should be The Crazy Hair Club?",
			"audio_clip": "question 1",
			"review_on_page_number": 6,
			"book_id": 69
		},
		{
			"id": 247,
			"question_text": "Why did Kayla brush Snowball's fur?",
			"audio_clip": "question 2",
			"review_on_page_number": 8,
			"book_id": 69
		},
		{
			"id": 248,
			"question_text": "Why did the Thompson family sleep late on Saturday morning?",
			"audio_clip": "question 3",
			"review_on_page_number": 3,
			"book_id": 69
		},
		{
			"id": 249,
			"question_text": "Who was the new character in today's story?",
			"audio_clip": "question 1",
			"review_on_page_number": 5,
			"book_id": 70
		},
		{
			"id": 250,
			"question_text": "How are the books, \"The Hot Air Balloon\" and \"Koko, the Horse\" similar?",
			"audio_clip": "question 2",
			"review_on_page_number": 3,
			"book_id": 70
		},
		{
			"id": 251,
			"question_text": "How are the books, \"The Hot Air Balloon\" and \"Koko, the Horse\" different?",
			"audio_clip": "question 3",
			"review_on_page_number": 8,
			"book_id": 70
		},
		{
			"id": 252,
			"question_text": "What activity did our friends like best at the fair?",
			"audio_clip": "question 1",
			"review_on_page_number": 10,
			"book_id": 71
		},
		{
			"id": 253,
			"question_text": "What did the kids do first in the Moon Bounce?",
			"audio_clip": "question 2",
			"review_on_page_number": 5,
			"book_id": 71
		},
		{
			"id": 254,
			"question_text": "Why did the kids leave the Moon Bounce?",
			"audio_clip": "question 3",
			"review_on_page_number": 10,
			"book_id": 71
		},
		{
			"id": 255,
			"question_text": "I wandered onto the path.",
			"audio_clip": "question 1",
			"review_on_page_number": 8,
			"book_id": 72
		},
		{
			"id": 256,
			"question_text": "Why did Trey almost have an accident?",
			"audio_clip": "question 2",
			"review_on_page_number": 8,
			"book_id": 72
		},
		{
			"id": 257,
			"question_text": "What happened after Trey saw the puppy on the path?",
			"audio_clip": "question 3",
			"review_on_page_number": 9,
			"book_id": 72
		},
		{
			"id": 258,
			"question_text": "What was the fire chief's name?",
			"audio_clip": "question 1",
			"review_on_page_number": 4,
			"book_id": 73
		},
		{
			"id": 259,
			"question_text": "What is a fire fighter's main job?",
			"audio_clip": "question 2",
			"review_on_page_number": 5,
			"book_id": 73
		},
		{
			"id": 260,
			"question_text": "Fire fighters wear special clothing. What special clothing did our friends try on?",
			"audio_clip": "question 3",
			"review_on_page_number": 8,
			"book_id": 73
		},
		{
			"id": 261,
			"question_text": "Where was the setting for today's story?",
			"audio_clip": "question 1",
			"review_on_page_number": 3,
			"book_id": 74
		},
		{
			"id": 262,
			"question_text": "Why was Tommy happy to be at the lake?",
			"audio_clip": "question 2",
			"review_on_page_number": 10,
			"book_id": 74
		},
		{
			"id": 263,
			"question_text": "What do fish like to eat?",
			"audio_clip": "question 3",
			"review_on_page_number": 5,
			"book_id": 74
		},
		{
			"id": 264,
			"question_text": "Why did Trey like helping his dad?",
			"audio_clip": "question 1",
			"review_on_page_number": 5,
			"book_id": 75
		},
		{
			"id": 265,
			"question_text": "Mom said, \"The kitchen looks amazing!\" ||We know she said this using a surprised voice ||because this mark was used.",
			"audio_clip": "question 2",
			"review_on_page_number": 9,
			"book_id": 75
		},
		{
			"id": 266,
			"question_text": "What nickname did Dad call Trey?",
			"audio_clip": "question 3",
			"review_on_page_number": 7,
			"book_id": 75
		},
		{
			"id": 267,
			"question_text": "The main idea of a story is what the story is mostly about. What is the main idea of this book?",
			"audio_clip": "question 1",
			"review_on_page_number": 9,
			"book_id": 76
		},
		{
			"id": 268,
			"question_text": "How are penguins and polar bears alike?",
			"audio_clip": "question 2",
			"review_on_page_number": 6,
			"book_id": 76
		},
		{
			"id": 269,
			"question_text": "How do penguins swim?",
			"audio_clip": "question 3",
			"review_on_page_number": 6,
			"book_id": 76
		},
		{
			"id": 270,
			"question_text": "What is the main idea of this book?",
			"audio_clip": "question 1",
			"review_on_page_number": 4,
			"book_id": 77
		},
		{
			"id": 271,
			"question_text": "What did the kids use to paint their pictures?",
			"audio_clip": "question 2",
			"review_on_page_number": 5,
			"book_id": 77
		},
		{
			"id": 272,
			"question_text": "Why did the kids have to wait a while before they could hang their big picture in the treehouse?",
			"audio_clip": "question 3",
			"review_on_page_number": 9,
			"book_id": 77
		},
		{
			"id": 273,
			"question_text": "What is the main idea of this book?",
			"audio_clip": "question 1",
			"review_on_page_number": 9,
			"book_id": 78
		},
		{
			"id": 274,
			"question_text": "What did the kids do before they got their water bottles and T-shirts?",
			"audio_clip": "question 2",
			"review_on_page_number": 4,
			"book_id": 78
		},
		{
			"id": 275,
			"question_text": "Dan said, \"Count how many times you can bounce and then try to beat your record.\" What was he talking about?",
			"audio_clip": "question 3",
			"review_on_page_number": 7,
			"book_id": 78
		},
		{
			"id": 276,
			"question_text": "What is the main idea of this book?",
			"audio_clip": "question 1",
			"review_on_page_number": 4,
			"book_id": 79
		},
		{
			"id": 277,
			"question_text": "What did the Park Street kids learn about at \"Go Green!\" day?",
			"audio_clip": "question 2",
			"review_on_page_number": 9,
			"book_id": 79
		},
		{
			"id": 278,
			"question_text": "How can you help the environment when you brush your teeth?",
			"audio_clip": "question 3",
			"review_on_page_number": 8,
			"book_id": 79
		},
		{
			"id": 279,
			"question_text": "What is the main idea of this book?",
			"audio_clip": "question 1",
			"review_on_page_number": 4,
			"book_id": 80
		},
		{
			"id": 280,
			"question_text": "Who changed her mind about bugs?",
			"audio_clip": "question 2",
			"review_on_page_number": 9,
			"book_id": 80
		},
		{
			"id": 281,
			"question_text": "Why did Kayla laugh when she saw Mrs. Lopez?",
			"audio_clip": "question 3",
			"review_on_page_number": 7,
			"book_id": 80
		},
		{
			"id": 282,
			"question_text": "Who had the idea to start a book club?",
			"audio_clip": "question 1",
			"review_on_page_number": 4,
			"book_id": 81
		},
		{
			"id": 283,
			"question_text": "Why did Kayla name their book club \"The Tree House Book Club\"?",
			"audio_clip": "question 2",
			"review_on_page_number": 6,
			"book_id": 81
		},
		{
			"id": 284,
			"question_text": "Why did Jazmin think it was awesome being in a book club?",
			"audio_clip": "question 3",
			"review_on_page_number": 11,
			"book_id": 81
		},
		{
			"id": 285,
			"question_text": "Why did Papa Pig tell the three little pigs that they each needed to build a house?",
			"audio_clip": "question 1",
			"review_on_page_number": 4,
			"book_id": 82
		},
		{
			"id": 286,
			"question_text": "Why did the first two little pigs think that building a house was easy?",
			"audio_clip": "question 2",
			"review_on_page_number": 5,
			"book_id": 82
		},
		{
			"id": 287,
			"question_text": "What can you learn from this story?",
			"audio_clip": "question 3",
			"review_on_page_number": 7,
			"book_id": 82
		},
		{
			"id": 288,
			"question_text": "Why did the bears go for a walk?",
			"audio_clip": "question 1",
			"review_on_page_number": 6,
			"book_id": 83
		},
		{
			"id": 289,
			"question_text": "Why did Goldilocks go into the bears' cabin?",
			"audio_clip": "question 2",
			"review_on_page_number": 7,
			"book_id": 83
		},
		{
			"id": 290,
			"question_text": "What did the bears think they would do the next time they went for a walk?",
			"audio_clip": "question 3",
			"review_on_page_number": 11,
			"book_id": 83
		},
		{
			"id": 291,
			"question_text": "Why was the girl called Little Red?",
			"audio_clip": "question 1",
			"review_on_page_number": 4,
			"book_id": 84
		},
		{
			"id": 292,
			"question_text": "Fairytales usually have a problem that needs to be solved. What is the problem in this story?",
			"audio_clip": "question 2",
			"review_on_page_number": 9,
			"book_id": 84
		},
		{
			"id": 293,
			"question_text": "Why did Little Red's mother want her to visit Grammy?",
			"audio_clip": "question 3",
			"review_on_page_number": 5,
			"book_id": 84
		},
		{
			"id": 294,
			"question_text": "Why did the little old man open the oven?",
			"audio_clip": "question 1",
			"review_on_page_number": 5,
			"book_id": 85
		},
		{
			"id": 295,
			"question_text": "Why didn't the gingerbread man swim across the river?",
			"audio_clip": "question 2",
			"review_on_page_number": 6,
			"book_id": 85
		},
		{
			"id": 296,
			"question_text": "Why do you think the fox wanted to give the gingerbread man a ride?",
			"audio_clip": "question 3",
			"review_on_page_number": 10,
			"book_id": 85
		}
	]
}