{
	"data":
	[
		{
			"id": 1,
			"text": "I'm Kayla.",
			"book_id": 1
		},
		{
			"id": 2,
			"text": "I see a balloon.",
			"book_id": 2
		},
		{
			"id": 3,
			"text": "I see the balloon man.",
			"book_id": 3
		},
		{
			"id": 4,
			"text": "Boo, where are you?",
			"book_id": 4
		},
		{
			"id": 5,
			"text": "Look at that bug.",
			"book_id": 5
		},
		{
			"id": 6,
			"text": "I will run fast.",
			"book_id": 6
		},
		{
			"id": 7,
			"text": "You can do it, Boo!",
			"book_id": 7
		},
		{
			"id": 8,
			"text": "This is awesome!",
			"book_id": 8
		},
		{
			"id": 9,
			"text": "That was fast!",
			"book_id": 9
		},
		{
			"id": 10,
			"text": "Now I can make a wish!",
			"book_id": 10
		},
		{
			"id": 11,
			"text": "Look at my kite.",
			"book_id": 11
		},
		{
			"id": 12,
			"text": "Look at the swings.",
			"book_id": 12
		},
		{
			"id": 13,
			"text": "I like going up high.",
			"book_id": 13
		},
		{
			"id": 14,
			"text": "Jump on my back.",
			"book_id": 14
		},
		{
			"id": 15,
			"text": "Look at all the colors.",
			"book_id": 15
		},
		{
			"id": 16,
			"text": "I am at the toy store.",
			"book_id": 16
		},
		{
			"id": 17,
			"text": "Now I can play.",
			"book_id": 17
		},
		{
			"id": 18,
			"text": "My cake had six candles.",
			"book_id": 18
		},
		{
			"id": 19,
			"text": "I will look outside.",
			"book_id": 19
		},
		{
			"id": 20,
			"text": "Then you can eat it.",
			"book_id": 20
		},
		{
			"id": 21,
			"text": "Boo, are you in there?",
			"book_id": 21
		},
		{
			"id": 22,
			"text": "Let's play a game.",
			"book_id": 22
		},
		{
			"id": 23,
			"text": "I can dance on the log.",
			"book_id": 23
		},
		{
			"id": 24,
			"text": "Here comes the last turn.",
			"book_id": 24
		},
		{
			"id": 25,
			"text": "I will shake it.",
			"book_id": 25
		},
		{
			"id": 26,
			"text": "who push be said can you go fast.",
			"book_id": 26
		},
		{
			"id": 27,
			"text": "he is on said go and now you.",
			"book_id": 27
		},
		{
			"id": 28,
			"text": "got take outside said can make name with.",
			"book_id": 28
		},
		{
			"id": 29,
			"text": "see come at my with was went awesome.",
			"book_id": 29
		},
		{
			"id": 30,
			"text": "and find me outside went look we rainbow.",
			"book_id": 30
		},
		{
			"id": 31,
			"text": "find can't path we have he here my.",
			"book_id": 31
		},
		{
			"id": 32,
			"text": "puppy little you are paw family boy girl.",
			"book_id": 32
		},
		{
			"id": 33,
			"text": "help we basket will went park be have.",
			"book_id": 33
		},
		{
			"id": 34,
			"text": "they want said look is this had came.",
			"book_id": 34
		},
		{
			"id": 35,
			"text": "it's she it ran you outside now SnowBoo.",
			"book_id": 35
		}
	]
}