{
	"data":
	[
		{
			"id": 1,
			"timing": 0,
			"answer_id": 1
		},
		{
			"id": 2,
			"timing": 0.519,
			"answer_id": 1
		},
		{
			"id": 3,
			"timing": 0,
			"answer_id": 2
		},
		{
			"id": 4,
			"timing": 0.319,
			"answer_id": 2
		},
		{
			"id": 5,
			"timing": 0.559,
			"answer_id": 2
		},
		{
			"id": 6,
			"timing": 0.798,
			"answer_id": 2
		},
		{
			"id": 12,
			"timing": 0,
			"answer_id": 3
		},
		{
			"id": 13,
			"timing": 0.399,
			"answer_id": 3
		},
		{
			"id": 14,
			"timing": 0.718,
			"answer_id": 3
		},
		{
			"id": 15,
			"timing": 0.878,
			"answer_id": 3
		},
		{
			"id": 16,
			"timing": 1.117,
			"answer_id": 3
		},
		{
			"id": 17,
			"timing": 0,
			"answer_id": 4
		},
		{
			"id": 18,
			"timing": 0.838,
			"answer_id": 4
		},
		{
			"id": 19,
			"timing": 0.998,
			"answer_id": 4
		},
		{
			"id": 20,
			"timing": 1.277,
			"answer_id": 4
		},
		{
			"id": 21,
			"timing": 0,
			"answer_id": 5
		},
		{
			"id": 22,
			"timing": 0.359,
			"answer_id": 5
		},
		{
			"id": 23,
			"timing": 0.519,
			"answer_id": 5
		},
		{
			"id": 24,
			"timing": 0.838,
			"answer_id": 5
		},
		{
			"id": 25,
			"timing": 0,
			"answer_id": 6
		},
		{
			"id": 26,
			"timing": 0.359,
			"answer_id": 6
		},
		{
			"id": 27,
			"timing": 0.519,
			"answer_id": 6
		},
		{
			"id": 28,
			"timing": 0.918,
			"answer_id": 6
		},
		{
			"id": 29,
			"timing": 0,
			"answer_id": 7
		},
		{
			"id": 30,
			"timing": 0.319,
			"answer_id": 7
		},
		{
			"id": 31,
			"timing": 0.479,
			"answer_id": 7
		},
		{
			"id": 32,
			"timing": 0.599,
			"answer_id": 7
		},
		{
			"id": 33,
			"timing": 0.878,
			"answer_id": 7
		},
		{
			"id": 34,
			"timing": 0,
			"answer_id": 8
		},
		{
			"id": 35,
			"timing": 0.359,
			"answer_id": 8
		},
		{
			"id": 36,
			"timing": 0.519,
			"answer_id": 8
		},
		{
			"id": 40,
			"timing": 0,
			"answer_id": 9
		},
		{
			"id": 41,
			"timing": 0.319,
			"answer_id": 9
		},
		{
			"id": 42,
			"timing": 0.519,
			"answer_id": 9
		},
		{
			"id": 43,
			"timing": 0,
			"answer_id": 10
		},
		{
			"id": 44,
			"timing": 0.359,
			"answer_id": 10
		},
		{
			"id": 45,
			"timing": 0.639,
			"answer_id": 10
		},
		{
			"id": 46,
			"timing": 0.798,
			"answer_id": 10
		},
		{
			"id": 47,
			"timing": 0.998,
			"answer_id": 10
		},
		{
			"id": 48,
			"timing": 1.157,
			"answer_id": 10
		},
		{
			"id": 49,
			"timing": 0,
			"answer_id": 11
		},
		{
			"id": 50,
			"timing": 0.639,
			"answer_id": 11
		},
		{
			"id": 51,
			"timing": 0.798,
			"answer_id": 11
		},
		{
			"id": 52,
			"timing": 1.078,
			"answer_id": 11
		},
		{
			"id": 57,
			"timing": 0,
			"answer_id": 12
		},
		{
			"id": 58,
			"timing": 0.239,
			"answer_id": 12
		},
		{
			"id": 59,
			"timing": 0.479,
			"answer_id": 12
		},
		{
			"id": 60,
			"timing": 0.878,
			"answer_id": 12
		},
		{
			"id": 61,
			"timing": 0,
			"answer_id": 13
		},
		{
			"id": 62,
			"timing": 0.559,
			"answer_id": 13
		},
		{
			"id": 63,
			"timing": 0.918,
			"answer_id": 13
		},
		{
			"id": 64,
			"timing": 1.117,
			"answer_id": 13
		},
		{
			"id": 65,
			"timing": 1.357,
			"answer_id": 13
		},
		{
			"id": 70,
			"timing": 0,
			"answer_id": 14
		},
		{
			"id": 71,
			"timing": 0.359,
			"answer_id": 14
		},
		{
			"id": 72,
			"timing": 0.519,
			"answer_id": 14
		},
		{
			"id": 73,
			"timing": 0.639,
			"answer_id": 14
		},
		{
			"id": 74,
			"timing": 0,
			"answer_id": 15
		},
		{
			"id": 75,
			"timing": 0.399,
			"answer_id": 15
		},
		{
			"id": 76,
			"timing": 0.599,
			"answer_id": 15
		},
		{
			"id": 77,
			"timing": 0.958,
			"answer_id": 15
		},
		{
			"id": 78,
			"timing": 1.117,
			"answer_id": 15
		},
		{
			"id": 85,
			"timing": 0,
			"answer_id": 16
		},
		{
			"id": 86,
			"timing": 0.439,
			"answer_id": 16
		},
		{
			"id": 87,
			"timing": 0.678,
			"answer_id": 16
		},
		{
			"id": 88,
			"timing": 0.838,
			"answer_id": 16
		},
		{
			"id": 89,
			"timing": 1.078,
			"answer_id": 16
		},
		{
			"id": 90,
			"timing": 1.357,
			"answer_id": 16
		},
		{
			"id": 95,
			"timing": 0,
			"answer_id": 17
		},
		{
			"id": 96,
			"timing": 0.599,
			"answer_id": 17
		},
		{
			"id": 97,
			"timing": 0.878,
			"answer_id": 17
		},
		{
			"id": 98,
			"timing": 1.117,
			"answer_id": 17
		},
		{
			"id": 99,
			"timing": 0,
			"answer_id": 18
		},
		{
			"id": 100,
			"timing": 0.519,
			"answer_id": 18
		},
		{
			"id": 101,
			"timing": 0.878,
			"answer_id": 18
		},
		{
			"id": 102,
			"timing": 1.237,
			"answer_id": 18
		},
		{
			"id": 103,
			"timing": 1.596,
			"answer_id": 18
		},
		{
			"id": 108,
			"timing": 0,
			"answer_id": 19
		},
		{
			"id": 109,
			"timing": 0.279,
			"answer_id": 19
		},
		{
			"id": 110,
			"timing": 0.479,
			"answer_id": 19
		},
		{
			"id": 111,
			"timing": 0.758,
			"answer_id": 19
		},
		{
			"id": 122,
			"timing": 0,
			"answer_id": 20
		},
		{
			"id": 123,
			"timing": 0.519,
			"answer_id": 20
		},
		{
			"id": 124,
			"timing": 0.718,
			"answer_id": 20
		},
		{
			"id": 125,
			"timing": 0.918,
			"answer_id": 20
		},
		{
			"id": 126,
			"timing": 1.117,
			"answer_id": 20
		},
		{
			"id": 127,
			"timing": 0,
			"answer_id": 21
		},
		{
			"id": 128,
			"timing": 0.718,
			"answer_id": 21
		},
		{
			"id": 129,
			"timing": 0.918,
			"answer_id": 21
		},
		{
			"id": 130,
			"timing": 1.117,
			"answer_id": 21
		},
		{
			"id": 131,
			"timing": 1.277,
			"answer_id": 21
		},
		{
			"id": 132,
			"timing": 0,
			"answer_id": 22
		},
		{
			"id": 133,
			"timing": 0.519,
			"answer_id": 22
		},
		{
			"id": 134,
			"timing": 0.758,
			"answer_id": 22
		},
		{
			"id": 135,
			"timing": 0.918,
			"answer_id": 22
		},
		{
			"id": 160,
			"timing": 0,
			"answer_id": 23
		},
		{
			"id": 161,
			"timing": 0.359,
			"answer_id": 23
		},
		{
			"id": 162,
			"timing": 0.599,
			"answer_id": 23
		},
		{
			"id": 163,
			"timing": 0.798,
			"answer_id": 23
		},
		{
			"id": 164,
			"timing": 0.958,
			"answer_id": 23
		},
		{
			"id": 165,
			"timing": 1.117,
			"answer_id": 23
		},
		{
			"id": 166,
			"timing": 0,
			"answer_id": 24
		},
		{
			"id": 167,
			"timing": 0.479,
			"answer_id": 24
		},
		{
			"id": 168,
			"timing": 0.798,
			"answer_id": 24
		},
		{
			"id": 169,
			"timing": 0.958,
			"answer_id": 24
		},
		{
			"id": 170,
			"timing": 1.237,
			"answer_id": 24
		},
		{
			"id": 179,
			"timing": 0,
			"answer_id": 25
		},
		{
			"id": 180,
			"timing": 0.479,
			"answer_id": 25
		},
		{
			"id": 181,
			"timing": 0.758,
			"answer_id": 25
		},
		{
			"id": 182,
			"timing": 0.918,
			"answer_id": 25
		},
		{
			"id": 183,
			"timing": 0,
			"answer_id": 26
		},
		{
			"id": 184,
			"timing": 0.1,
			"answer_id": 26
		},
		{
			"id": 185,
			"timing": 0.2,
			"answer_id": 26
		},
		{
			"id": 186,
			"timing": 0.3,
			"answer_id": 26
		},
		{
			"id": 187,
			"timing": 0.4,
			"answer_id": 26
		},
		{
			"id": 188,
			"timing": 0.5,
			"answer_id": 26
		},
		{
			"id": 189,
			"timing": 0.6,
			"answer_id": 26
		},
		{
			"id": 190,
			"timing": 0.7,
			"answer_id": 26
		}
	]
}