{
	"data":
	[
		{
			"id": 7,
			"timing": 0,
			"question_id": 1
		},
		{
			"id": 8,
			"timing": 0.519,
			"question_id": 1
		},
		{
			"id": 9,
			"timing": 0.798,
			"question_id": 1
		},
		{
			"id": 10,
			"timing": 1.117,
			"question_id": 1
		},
		{
			"id": 11,
			"timing": 1.676,
			"question_id": 1
		},
		{
			"id": 12,
			"timing": 1.876,
			"question_id": 1
		},
		{
			"id": 13,
			"timing": 2.155,
			"question_id": 1
		},
		{
			"id": 36,
			"timing": 0,
			"question_id": 2
		},
		{
			"id": 37,
			"timing": 0.639,
			"question_id": 2
		},
		{
			"id": 38,
			"timing": 0.918,
			"question_id": 2
		},
		{
			"id": 39,
			"timing": 1.357,
			"question_id": 2
		},
		{
			"id": 40,
			"timing": 1.596,
			"question_id": 2
		},
		{
			"id": 41,
			"timing": 1.836,
			"question_id": 2
		},
		{
			"id": 42,
			"timing": 2.115,
			"question_id": 2
		},
		{
			"id": 43,
			"timing": 2.315,
			"question_id": 2
		},
		{
			"id": 44,
			"timing": 2.474,
			"question_id": 2
		},
		{
			"id": 45,
			"timing": 2.754,
			"question_id": 2
		},
		{
			"id": 46,
			"timing": 2.913,
			"question_id": 2
		},
		{
			"id": 47,
			"timing": 0,
			"question_id": 3
		},
		{
			"id": 48,
			"timing": 0.479,
			"question_id": 3
		},
		{
			"id": 49,
			"timing": 0.878,
			"question_id": 3
		},
		{
			"id": 50,
			"timing": 1.237,
			"question_id": 3
		},
		{
			"id": 51,
			"timing": 1.397,
			"question_id": 3
		},
		{
			"id": 52,
			"timing": 0,
			"question_id": 4
		},
		{
			"id": 53,
			"timing": 0.718,
			"question_id": 4
		},
		{
			"id": 54,
			"timing": 1.078,
			"question_id": 4
		},
		{
			"id": 55,
			"timing": 2.035,
			"question_id": 4
		},
		{
			"id": 56,
			"timing": 2.395,
			"question_id": 4
		},
		{
			"id": 57,
			"timing": 3.153,
			"question_id": 4
		},
		{
			"id": 58,
			"timing": 3.472,
			"question_id": 4
		},
		{
			"id": 59,
			"timing": 3.712,
			"question_id": 4
		},
		{
			"id": 60,
			"timing": 3.911,
			"question_id": 4
		},
		{
			"id": 61,
			"timing": 4.151,
			"question_id": 4
		},
		{
			"id": 62,
			"timing": 0,
			"question_id": 5
		},
		{
			"id": 63,
			"timing": 0.639,
			"question_id": 5
		},
		{
			"id": 64,
			"timing": 0.878,
			"question_id": 5
		},
		{
			"id": 65,
			"timing": 1.397,
			"question_id": 5
		},
		{
			"id": 66,
			"timing": 2.474,
			"question_id": 5
		},
		{
			"id": 67,
			"timing": 2.754,
			"question_id": 5
		},
		{
			"id": 68,
			"timing": 3.113,
			"question_id": 5
		},
		{
			"id": 69,
			"timing": 3.233,
			"question_id": 5
		},
		{
			"id": 70,
			"timing": 3.392,
			"question_id": 5
		},
		{
			"id": 71,
			"timing": 3.552,
			"question_id": 5
		},
		{
			"id": 72,
			"timing": 3.672,
			"question_id": 5
		},
		{
			"id": 73,
			"timing": 0,
			"question_id": 6
		},
		{
			"id": 74,
			"timing": 0.479,
			"question_id": 6
		},
		{
			"id": 75,
			"timing": 0.798,
			"question_id": 6
		},
		{
			"id": 76,
			"timing": 0.998,
			"question_id": 6
		},
		{
			"id": 77,
			"timing": 1.357,
			"question_id": 6
		},
		{
			"id": 78,
			"timing": 1.636,
			"question_id": 6
		},
		{
			"id": 79,
			"timing": 1.796,
			"question_id": 6
		},
		{
			"id": 80,
			"timing": 1.956,
			"question_id": 6
		},
		{
			"id": 81,
			"timing": 0,
			"question_id": 7
		},
		{
			"id": 82,
			"timing": 0.639,
			"question_id": 7
		},
		{
			"id": 83,
			"timing": 0.998,
			"question_id": 7
		},
		{
			"id": 84,
			"timing": 1.437,
			"question_id": 7
		},
		{
			"id": 85,
			"timing": 1.716,
			"question_id": 7
		},
		{
			"id": 86,
			"timing": 2.235,
			"question_id": 7
		},
		{
			"id": 87,
			"timing": 2.474,
			"question_id": 7
		},
		{
			"id": 88,
			"timing": 2.674,
			"question_id": 7
		},
		{
			"id": 89,
			"timing": 2.834,
			"question_id": 7
		},
		{
			"id": 90,
			"timing": 3.113,
			"question_id": 7
		},
		{
			"id": 91,
			"timing": 3.233,
			"question_id": 7
		},
		{
			"id": 92,
			"timing": 3.352,
			"question_id": 7
		},
		{
			"id": 93,
			"timing": 0,
			"question_id": 8
		},
		{
			"id": 94,
			"timing": 0.479,
			"question_id": 8
		},
		{
			"id": 95,
			"timing": 0.878,
			"question_id": 8
		},
		{
			"id": 96,
			"timing": 1.237,
			"question_id": 8
		},
		{
			"id": 97,
			"timing": 1.556,
			"question_id": 8
		},
		{
			"id": 98,
			"timing": 0,
			"question_id": 9
		},
		{
			"id": 99,
			"timing": 0.559,
			"question_id": 9
		},
		{
			"id": 100,
			"timing": 0.958,
			"question_id": 9
		},
		{
			"id": 101,
			"timing": 1.277,
			"question_id": 9
		},
		{
			"id": 102,
			"timing": 1.437,
			"question_id": 9
		},
		{
			"id": 103,
			"timing": 1.916,
			"question_id": 9
		},
		{
			"id": 104,
			"timing": 2.235,
			"question_id": 9
		},
		{
			"id": 105,
			"timing": 2.395,
			"question_id": 9
		},
		{
			"id": 106,
			"timing": 2.794,
			"question_id": 9
		},
		{
			"id": 107,
			"timing": 0,
			"question_id": 10
		},
		{
			"id": 108,
			"timing": 0.639,
			"question_id": 10
		},
		{
			"id": 109,
			"timing": 0.878,
			"question_id": 10
		},
		{
			"id": 110,
			"timing": 1.636,
			"question_id": 10
		},
		{
			"id": 111,
			"timing": 1.956,
			"question_id": 10
		},
		{
			"id": 112,
			"timing": 2.275,
			"question_id": 10
		},
		{
			"id": 113,
			"timing": 2.554,
			"question_id": 10
		},
		{
			"id": 114,
			"timing": 2.953,
			"question_id": 10
		},
		{
			"id": 115,
			"timing": 3.233,
			"question_id": 10
		},
		{
			"id": 116,
			"timing": 0,
			"question_id": 11
		},
		{
			"id": 117,
			"timing": 0.599,
			"question_id": 11
		},
		{
			"id": 118,
			"timing": 0.878,
			"question_id": 11
		},
		{
			"id": 119,
			"timing": 1.317,
			"question_id": 11
		},
		{
			"id": 120,
			"timing": 1.517,
			"question_id": 11
		},
		{
			"id": 121,
			"timing": 1.876,
			"question_id": 11
		},
		{
			"id": 122,
			"timing": 2.075,
			"question_id": 11
		},
		{
			"id": 123,
			"timing": 2.275,
			"question_id": 11
		},
		{
			"id": 124,
			"timing": 2.514,
			"question_id": 11
		},
		{
			"id": 125,
			"timing": 3.712,
			"question_id": 11
		},
		{
			"id": 126,
			"timing": 4.031,
			"question_id": 11
		},
		{
			"id": 127,
			"timing": 4.35,
			"question_id": 11
		},
		{
			"id": 128,
			"timing": 4.669,
			"question_id": 11
		},
		{
			"id": 129,
			"timing": 4.829,
			"question_id": 11
		},
		{
			"id": 130,
			"timing": 5.029,
			"question_id": 11
		},
		{
			"id": 131,
			"timing": 0,
			"question_id": 12
		},
		{
			"id": 132,
			"timing": 0.639,
			"question_id": 12
		},
		{
			"id": 133,
			"timing": 0.878,
			"question_id": 12
		},
		{
			"id": 134,
			"timing": 1.117,
			"question_id": 12
		},
		{
			"id": 135,
			"timing": 1.477,
			"question_id": 12
		},
		{
			"id": 136,
			"timing": 0,
			"question_id": 13
		},
		{
			"id": 137,
			"timing": 0.678,
			"question_id": 13
		},
		{
			"id": 138,
			"timing": 0.918,
			"question_id": 13
		},
		{
			"id": 139,
			"timing": 1.437,
			"question_id": 13
		},
		{
			"id": 140,
			"timing": 1.636,
			"question_id": 13
		},
		{
			"id": 141,
			"timing": 1.836,
			"question_id": 13
		},
		{
			"id": 142,
			"timing": 2.355,
			"question_id": 13
		},
		{
			"id": 151,
			"timing": 0,
			"question_id": 14
		},
		{
			"id": 152,
			"timing": 0.678,
			"question_id": 14
		},
		{
			"id": 153,
			"timing": 0.998,
			"question_id": 14
		},
		{
			"id": 154,
			"timing": 1.477,
			"question_id": 14
		},
		{
			"id": 155,
			"timing": 1.676,
			"question_id": 14
		},
		{
			"id": 156,
			"timing": 1.876,
			"question_id": 14
		},
		{
			"id": 157,
			"timing": 2.235,
			"question_id": 14
		},
		{
			"id": 158,
			"timing": 2.554,
			"question_id": 14
		},
		{
			"id": 159,
			"timing": 0,
			"question_id": 15
		},
		{
			"id": 160,
			"timing": 0.678,
			"question_id": 15
		},
		{
			"id": 161,
			"timing": 1.038,
			"question_id": 15
		},
		{
			"id": 162,
			"timing": 1.636,
			"question_id": 15
		},
		{
			"id": 163,
			"timing": 1.796,
			"question_id": 15
		},
		{
			"id": 164,
			"timing": 1.995,
			"question_id": 15
		},
		{
			"id": 165,
			"timing": 2.195,
			"question_id": 15
		},
		{
			"id": 166,
			"timing": 2.355,
			"question_id": 15
		},
		{
			"id": 167,
			"timing": 2.554,
			"question_id": 15
		},
		{
			"id": 168,
			"timing": 2.754,
			"question_id": 15
		},
		{
			"id": 169,
			"timing": 2.913,
			"question_id": 15
		},
		{
			"id": 170,
			"timing": 0,
			"question_id": 16
		},
		{
			"id": 171,
			"timing": 0.639,
			"question_id": 16
		},
		{
			"id": 172,
			"timing": 0.998,
			"question_id": 16
		},
		{
			"id": 173,
			"timing": 1.397,
			"question_id": 16
		},
		{
			"id": 174,
			"timing": 1.796,
			"question_id": 16
		},
		{
			"id": 175,
			"timing": 1.995,
			"question_id": 16
		},
		{
			"id": 176,
			"timing": 2.155,
			"question_id": 16
		},
		{
			"id": 177,
			"timing": 2.355,
			"question_id": 16
		},
		{
			"id": 178,
			"timing": 3.033,
			"question_id": 16
		},
		{
			"id": 179,
			"timing": 3.193,
			"question_id": 16
		},
		{
			"id": 180,
			"timing": 3.472,
			"question_id": 16
		},
		{
			"id": 181,
			"timing": 3.632,
			"question_id": 16
		},
		{
			"id": 182,
			"timing": 3.791,
			"question_id": 16
		},
		{
			"id": 183,
			"timing": 0,
			"question_id": 17
		},
		{
			"id": 184,
			"timing": 0.559,
			"question_id": 17
		},
		{
			"id": 185,
			"timing": 0.958,
			"question_id": 17
		},
		{
			"id": 186,
			"timing": 1.078,
			"question_id": 17
		},
		{
			"id": 187,
			"timing": 1.237,
			"question_id": 17
		},
		{
			"id": 188,
			"timing": 1.676,
			"question_id": 17
		},
		{
			"id": 189,
			"timing": 0,
			"question_id": 18
		},
		{
			"id": 190,
			"timing": 0.639,
			"question_id": 18
		},
		{
			"id": 191,
			"timing": 1.397,
			"question_id": 18
		},
		{
			"id": 192,
			"timing": 1.716,
			"question_id": 18
		},
		{
			"id": 193,
			"timing": 0,
			"question_id": 19
		},
		{
			"id": 194,
			"timing": 0.439,
			"question_id": 19
		},
		{
			"id": 195,
			"timing": 0.718,
			"question_id": 19
		},
		{
			"id": 196,
			"timing": 1.078,
			"question_id": 19
		},
		{
			"id": 197,
			"timing": 1.556,
			"question_id": 19
		},
		{
			"id": 198,
			"timing": 1.995,
			"question_id": 19
		},
		{
			"id": 199,
			"timing": 2.155,
			"question_id": 19
		},
		{
			"id": 200,
			"timing": 2.355,
			"question_id": 19
		},
		{
			"id": 201,
			"timing": 0,
			"question_id": 20
		},
		{
			"id": 202,
			"timing": 0.599,
			"question_id": 20
		},
		{
			"id": 203,
			"timing": 0.758,
			"question_id": 20
		},
		{
			"id": 204,
			"timing": 0.918,
			"question_id": 20
		},
		{
			"id": 205,
			"timing": 1.237,
			"question_id": 20
		},
		{
			"id": 206,
			"timing": 1.636,
			"question_id": 20
		},
		{
			"id": 207,
			"timing": 0,
			"question_id": 21
		},
		{
			"id": 208,
			"timing": 0.639,
			"question_id": 21
		},
		{
			"id": 209,
			"timing": 0.998,
			"question_id": 21
		},
		{
			"id": 210,
			"timing": 1.357,
			"question_id": 21
		},
		{
			"id": 211,
			"timing": 1.756,
			"question_id": 21
		},
		{
			"id": 212,
			"timing": 2.035,
			"question_id": 21
		},
		{
			"id": 213,
			"timing": 2.235,
			"question_id": 21
		},
		{
			"id": 214,
			"timing": 2.395,
			"question_id": 21
		},
		{
			"id": 215,
			"timing": 2.714,
			"question_id": 21
		},
		{
			"id": 216,
			"timing": 2.834,
			"question_id": 21
		},
		{
			"id": 217,
			"timing": 0,
			"question_id": 22
		},
		{
			"id": 218,
			"timing": 0.599,
			"question_id": 22
		},
		{
			"id": 219,
			"timing": 0.958,
			"question_id": 22
		},
		{
			"id": 220,
			"timing": 1.437,
			"question_id": 22
		},
		{
			"id": 221,
			"timing": 1.636,
			"question_id": 22
		},
		{
			"id": 222,
			"timing": 1.836,
			"question_id": 22
		},
		{
			"id": 223,
			"timing": 2.195,
			"question_id": 22
		},
		{
			"id": 224,
			"timing": 2.514,
			"question_id": 22
		},
		{
			"id": 225,
			"timing": 2.674,
			"question_id": 22
		},
		{
			"id": 226,
			"timing": 0,
			"question_id": 23
		},
		{
			"id": 227,
			"timing": 0.439,
			"question_id": 23
		},
		{
			"id": 228,
			"timing": 1.078,
			"question_id": 23
		},
		{
			"id": 229,
			"timing": 1.517,
			"question_id": 23
		},
		{
			"id": 230,
			"timing": 1.756,
			"question_id": 23
		},
		{
			"id": 231,
			"timing": 2.235,
			"question_id": 23
		},
		{
			"id": 232,
			"timing": 2.434,
			"question_id": 23
		},
		{
			"id": 233,
			"timing": 2.554,
			"question_id": 23
		},
		{
			"id": 234,
			"timing": 0,
			"question_id": 24
		},
		{
			"id": 235,
			"timing": 0.678,
			"question_id": 24
		},
		{
			"id": 236,
			"timing": 0.878,
			"question_id": 24
		},
		{
			"id": 237,
			"timing": 1.078,
			"question_id": 24
		},
		{
			"id": 238,
			"timing": 1.477,
			"question_id": 24
		},
		{
			"id": 239,
			"timing": 1.995,
			"question_id": 24
		},
		{
			"id": 240,
			"timing": 0,
			"question_id": 25
		},
		{
			"id": 241,
			"timing": 0.798,
			"question_id": 25
		},
		{
			"id": 242,
			"timing": 0.998,
			"question_id": 25
		},
		{
			"id": 243,
			"timing": 1.237,
			"question_id": 25
		},
		{
			"id": 244,
			"timing": 1.517,
			"question_id": 25
		},
		{
			"id": 245,
			"timing": 1.916,
			"question_id": 25
		},
		{
			"id": 246,
			"timing": 0,
			"question_id": 26
		},
		{
			"id": 247,
			"timing": 0.359,
			"question_id": 26
		},
		{
			"id": 248,
			"timing": 0.758,
			"question_id": 26
		},
		{
			"id": 249,
			"timing": 0.998,
			"question_id": 26
		},
		{
			"id": 250,
			"timing": 1.756,
			"question_id": 26
		},
		{
			"id": 251,
			"timing": 1.956,
			"question_id": 26
		},
		{
			"id": 252,
			"timing": 2.235,
			"question_id": 26
		},
		{
			"id": 253,
			"timing": 2.434,
			"question_id": 26
		},
		{
			"id": 254,
			"timing": 2.953,
			"question_id": 26
		},
		{
			"id": 255,
			"timing": 3.193,
			"question_id": 26
		},
		{
			"id": 256,
			"timing": 3.751,
			"question_id": 26
		},
		{
			"id": 257,
			"timing": 3.951,
			"question_id": 26
		},
		{
			"id": 258,
			"timing": 4.151,
			"question_id": 26
		},
		{
			"id": 259,
			"timing": 0,
			"question_id": 27
		},
		{
			"id": 260,
			"timing": 0.599,
			"question_id": 27
		},
		{
			"id": 261,
			"timing": 0.918,
			"question_id": 27
		},
		{
			"id": 262,
			"timing": 1.437,
			"question_id": 27
		},
		{
			"id": 263,
			"timing": 1.676,
			"question_id": 27
		},
		{
			"id": 264,
			"timing": 1.836,
			"question_id": 27
		},
		{
			"id": 265,
			"timing": 2.235,
			"question_id": 27
		},
		{
			"id": 266,
			"timing": 2.395,
			"question_id": 27
		},
		{
			"id": 267,
			"timing": 0,
			"question_id": 28
		},
		{
			"id": 268,
			"timing": 0.639,
			"question_id": 28
		},
		{
			"id": 269,
			"timing": 0.838,
			"question_id": 28
		},
		{
			"id": 270,
			"timing": 1.357,
			"question_id": 28
		},
		{
			"id": 271,
			"timing": 1.676,
			"question_id": 28
		},
		{
			"id": 272,
			"timing": 2.235,
			"question_id": 28
		},
		{
			"id": 273,
			"timing": 2.434,
			"question_id": 28
		},
		{
			"id": 274,
			"timing": 2.674,
			"question_id": 28
		},
		{
			"id": 275,
			"timing": 2.873,
			"question_id": 28
		},
		{
			"id": 276,
			"timing": 4.35,
			"question_id": 28
		},
		{
			"id": 277,
			"timing": 4.59,
			"question_id": 28
		},
		{
			"id": 278,
			"timing": 4.909,
			"question_id": 28
		},
		{
			"id": 279,
			"timing": 5.148,
			"question_id": 28
		},
		{
			"id": 280,
			"timing": 5.667,
			"question_id": 28
		},
		{
			"id": 281,
			"timing": 5.867,
			"question_id": 28
		},
		{
			"id": 282,
			"timing": 6.026,
			"question_id": 28
		},
		{
			"id": 283,
			"timing": 0,
			"question_id": 29
		},
		{
			"id": 284,
			"timing": 0.639,
			"question_id": 29
		},
		{
			"id": 285,
			"timing": 1.117,
			"question_id": 29
		},
		{
			"id": 286,
			"timing": 1.357,
			"question_id": 29
		},
		{
			"id": 287,
			"timing": 2.155,
			"question_id": 29
		},
		{
			"id": 288,
			"timing": 2.434,
			"question_id": 29
		},
		{
			"id": 289,
			"timing": 2.634,
			"question_id": 29
		},
		{
			"id": 290,
			"timing": 2.754,
			"question_id": 29
		},
		{
			"id": 291,
			"timing": 0,
			"question_id": 30
		},
		{
			"id": 292,
			"timing": 0.758,
			"question_id": 30
		},
		{
			"id": 293,
			"timing": 1.117,
			"question_id": 30
		},
		{
			"id": 294,
			"timing": 1.636,
			"question_id": 30
		},
		{
			"id": 295,
			"timing": 1.876,
			"question_id": 30
		},
		{
			"id": 296,
			"timing": 2.075,
			"question_id": 30
		},
		{
			"id": 297,
			"timing": 2.315,
			"question_id": 30
		},
		{
			"id": 298,
			"timing": 2.634,
			"question_id": 30
		},
		{
			"id": 299,
			"timing": 2.834,
			"question_id": 30
		},
		{
			"id": 300,
			"timing": 2.993,
			"question_id": 30
		},
		{
			"id": 301,
			"timing": 3.233,
			"question_id": 30
		},
		{
			"id": 307,
			"timing": 0,
			"question_id": 31
		},
		{
			"id": 308,
			"timing": 0.399,
			"question_id": 31
		},
		{
			"id": 309,
			"timing": 0.798,
			"question_id": 31
		},
		{
			"id": 310,
			"timing": 1.197,
			"question_id": 31
		},
		{
			"id": 311,
			"timing": 1.437,
			"question_id": 31
		},
		{
			"id": 312,
			"timing": 0,
			"question_id": 32
		},
		{
			"id": 313,
			"timing": 0.399,
			"question_id": 32
		},
		{
			"id": 314,
			"timing": 0.798,
			"question_id": 32
		},
		{
			"id": 315,
			"timing": 0.998,
			"question_id": 32
		},
		{
			"id": 316,
			"timing": 1.357,
			"question_id": 32
		},
		{
			"id": 317,
			"timing": 1.676,
			"question_id": 32
		},
		{
			"id": 318,
			"timing": 0,
			"question_id": 33
		},
		{
			"id": 319,
			"timing": 0.798,
			"question_id": 33
		},
		{
			"id": 320,
			"timing": 0.958,
			"question_id": 33
		},
		{
			"id": 321,
			"timing": 1.197,
			"question_id": 33
		},
		{
			"id": 322,
			"timing": 1.437,
			"question_id": 33
		},
		{
			"id": 323,
			"timing": 1.916,
			"question_id": 33
		},
		{
			"id": 324,
			"timing": 2.195,
			"question_id": 33
		},
		{
			"id": 325,
			"timing": 2.434,
			"question_id": 33
		},
		{
			"id": 326,
			"timing": 2.754,
			"question_id": 33
		},
		{
			"id": 327,
			"timing": 0,
			"question_id": 34
		},
		{
			"id": 328,
			"timing": 0.439,
			"question_id": 34
		},
		{
			"id": 329,
			"timing": 0.918,
			"question_id": 34
		},
		{
			"id": 330,
			"timing": 1.277,
			"question_id": 34
		},
		{
			"id": 331,
			"timing": 1.517,
			"question_id": 34
		},
		{
			"id": 332,
			"timing": 1.956,
			"question_id": 34
		},
		{
			"id": 333,
			"timing": 2.195,
			"question_id": 34
		},
		{
			"id": 334,
			"timing": 2.554,
			"question_id": 34
		},
		{
			"id": 335,
			"timing": 0,
			"question_id": 35
		},
		{
			"id": 336,
			"timing": 0.359,
			"question_id": 35
		},
		{
			"id": 337,
			"timing": 0.599,
			"question_id": 35
		},
		{
			"id": 338,
			"timing": 0.918,
			"question_id": 35
		},
		{
			"id": 339,
			"timing": 1.517,
			"question_id": 35
		},
		{
			"id": 340,
			"timing": 1.836,
			"question_id": 35
		},
		{
			"id": 341,
			"timing": 2.115,
			"question_id": 35
		},
		{
			"id": 342,
			"timing": 2.674,
			"question_id": 35
		},
		{
			"id": 343,
			"timing": 2.834,
			"question_id": 35
		},
		{
			"id": 344,
			"timing": 2.993,
			"question_id": 35
		},
		{
			"id": 345,
			"timing": 3.073,
			"question_id": 35
		},
		{
			"id": 346,
			"timing": 0,
			"question_id": 36
		},
		{
			"id": 347,
			"timing": 0.639,
			"question_id": 36
		},
		{
			"id": 348,
			"timing": 0.838,
			"question_id": 36
		},
		{
			"id": 349,
			"timing": 1.038,
			"question_id": 36
		},
		{
			"id": 350,
			"timing": 2.155,
			"question_id": 36
		},
		{
			"id": 351,
			"timing": 2.434,
			"question_id": 36
		},
		{
			"id": 352,
			"timing": 2.993,
			"question_id": 36
		},
		{
			"id": 353,
			"timing": 3.193,
			"question_id": 36
		},
		{
			"id": 354,
			"timing": 3.352,
			"question_id": 36
		},
		{
			"id": 355,
			"timing": 3.552,
			"question_id": 36
		},
		{
			"id": 356,
			"timing": 3.712,
			"question_id": 36
		},
		{
			"id": 357,
			"timing": 3.871,
			"question_id": 36
		},
		{
			"id": 358,
			"timing": 4.151,
			"question_id": 36
		},
		{
			"id": 359,
			"timing": 4.55,
			"question_id": 36
		},
		{
			"id": 360,
			"timing": 0,
			"question_id": 37
		},
		{
			"id": 361,
			"timing": 0.559,
			"question_id": 37
		},
		{
			"id": 362,
			"timing": 0.758,
			"question_id": 37
		},
		{
			"id": 363,
			"timing": 0.998,
			"question_id": 37
		},
		{
			"id": 364,
			"timing": 1.437,
			"question_id": 37
		},
		{
			"id": 365,
			"timing": 1.995,
			"question_id": 37
		},
		{
			"id": 366,
			"timing": 2.195,
			"question_id": 37
		},
		{
			"id": 367,
			"timing": 2.395,
			"question_id": 37
		},
		{
			"id": 368,
			"timing": 2.714,
			"question_id": 37
		},
		{
			"id": 369,
			"timing": 2.953,
			"question_id": 37
		},
		{
			"id": 370,
			"timing": 3.073,
			"question_id": 37
		},
		{
			"id": 371,
			"timing": 0,
			"question_id": 38
		},
		{
			"id": 372,
			"timing": 0.639,
			"question_id": 38
		},
		{
			"id": 373,
			"timing": 0.918,
			"question_id": 38
		},
		{
			"id": 374,
			"timing": 1.517,
			"question_id": 38
		},
		{
			"id": 375,
			"timing": 1.716,
			"question_id": 38
		},
		{
			"id": 376,
			"timing": 1.876,
			"question_id": 38
		},
		{
			"id": 377,
			"timing": 2.115,
			"question_id": 38
		},
		{
			"id": 378,
			"timing": 2.275,
			"question_id": 38
		},
		{
			"id": 379,
			"timing": 2.474,
			"question_id": 38
		},
		{
			"id": 380,
			"timing": 2.674,
			"question_id": 38
		},
		{
			"id": 381,
			"timing": 2.993,
			"question_id": 38
		},
		{
			"id": 382,
			"timing": 3.233,
			"question_id": 38
		},
		{
			"id": 383,
			"timing": 0,
			"question_id": 39
		},
		{
			"id": 384,
			"timing": 0.678,
			"question_id": 39
		},
		{
			"id": 385,
			"timing": 1.078,
			"question_id": 39
		},
		{
			"id": 386,
			"timing": 1.517,
			"question_id": 39
		},
		{
			"id": 387,
			"timing": 1.716,
			"question_id": 39
		},
		{
			"id": 388,
			"timing": 1.995,
			"question_id": 39
		},
		{
			"id": 389,
			"timing": 2.554,
			"question_id": 39
		},
		{
			"id": 390,
			"timing": 2.714,
			"question_id": 39
		},
		{
			"id": 391,
			"timing": 2.873,
			"question_id": 39
		},
		{
			"id": 392,
			"timing": 3.073,
			"question_id": 39
		},
		{
			"id": 393,
			"timing": 3.392,
			"question_id": 39
		},
		{
			"id": 394,
			"timing": 3.672,
			"question_id": 39
		},
		{
			"id": 395,
			"timing": 0,
			"question_id": 40
		},
		{
			"id": 396,
			"timing": 0.559,
			"question_id": 40
		},
		{
			"id": 397,
			"timing": 0.918,
			"question_id": 40
		},
		{
			"id": 398,
			"timing": 1.237,
			"question_id": 40
		},
		{
			"id": 399,
			"timing": 1.477,
			"question_id": 40
		},
		{
			"id": 400,
			"timing": 1.676,
			"question_id": 40
		},
		{
			"id": 401,
			"timing": 1.916,
			"question_id": 40
		},
		{
			"id": 402,
			"timing": 2.195,
			"question_id": 40
		},
		{
			"id": 403,
			"timing": 2.395,
			"question_id": 40
		},
		{
			"id": 404,
			"timing": 0,
			"question_id": 41
		},
		{
			"id": 405,
			"timing": 0.758,
			"question_id": 41
		},
		{
			"id": 406,
			"timing": 1.157,
			"question_id": 41
		},
		{
			"id": 407,
			"timing": 1.437,
			"question_id": 41
		},
		{
			"id": 408,
			"timing": 1.756,
			"question_id": 41
		},
		{
			"id": 409,
			"timing": 2.434,
			"question_id": 41
		},
		{
			"id": 410,
			"timing": 2.674,
			"question_id": 41
		},
		{
			"id": 411,
			"timing": 3.033,
			"question_id": 41
		},
		{
			"id": 412,
			"timing": 3.392,
			"question_id": 41
		},
		{
			"id": 413,
			"timing": 0,
			"question_id": 42
		},
		{
			"id": 414,
			"timing": 0.479,
			"question_id": 42
		},
		{
			"id": 415,
			"timing": 0.678,
			"question_id": 42
		},
		{
			"id": 416,
			"timing": 1.078,
			"question_id": 42
		},
		{
			"id": 417,
			"timing": 1.397,
			"question_id": 42
		},
		{
			"id": 418,
			"timing": 1.916,
			"question_id": 42
		},
		{
			"id": 419,
			"timing": 0,
			"question_id": 43
		},
		{
			"id": 420,
			"timing": 0.399,
			"question_id": 43
		},
		{
			"id": 421,
			"timing": 0.798,
			"question_id": 43
		},
		{
			"id": 422,
			"timing": 1.117,
			"question_id": 43
		},
		{
			"id": 423,
			"timing": 1.676,
			"question_id": 43
		},
		{
			"id": 424,
			"timing": 1.916,
			"question_id": 43
		},
		{
			"id": 425,
			"timing": 2.155,
			"question_id": 43
		},
		{
			"id": 426,
			"timing": 0,
			"question_id": 44
		},
		{
			"id": 427,
			"timing": 0.718,
			"question_id": 44
		},
		{
			"id": 428,
			"timing": 1.157,
			"question_id": 44
		},
		{
			"id": 429,
			"timing": 1.596,
			"question_id": 44
		},
		{
			"id": 430,
			"timing": 1.916,
			"question_id": 44
		},
		{
			"id": 431,
			"timing": 0,
			"question_id": 45
		},
		{
			"id": 432,
			"timing": 0.678,
			"question_id": 45
		},
		{
			"id": 433,
			"timing": 0.958,
			"question_id": 45
		},
		{
			"id": 434,
			"timing": 1.237,
			"question_id": 45
		},
		{
			"id": 435,
			"timing": 1.636,
			"question_id": 45
		},
		{
			"id": 436,
			"timing": 2.315,
			"question_id": 45
		},
		{
			"id": 437,
			"timing": 2.913,
			"question_id": 45
		},
		{
			"id": 438,
			"timing": 3.193,
			"question_id": 45
		},
		{
			"id": 439,
			"timing": 3.512,
			"question_id": 45
		},
		{
			"id": 440,
			"timing": 3.831,
			"question_id": 45
		},
		{
			"id": 441,
			"timing": 4.19,
			"question_id": 45
		},
		{
			"id": 442,
			"timing": 0,
			"question_id": 46
		},
		{
			"id": 443,
			"timing": 0.319,
			"question_id": 46
		},
		{
			"id": 444,
			"timing": 0.599,
			"question_id": 46
		},
		{
			"id": 445,
			"timing": 0.918,
			"question_id": 46
		},
		{
			"id": 446,
			"timing": 1.277,
			"question_id": 46
		},
		{
			"id": 447,
			"timing": 1.676,
			"question_id": 46
		},
		{
			"id": 448,
			"timing": 2.235,
			"question_id": 46
		},
		{
			"id": 449,
			"timing": 2.434,
			"question_id": 46
		},
		{
			"id": 450,
			"timing": 2.674,
			"question_id": 46
		},
		{
			"id": 451,
			"timing": 2.834,
			"question_id": 46
		},
		{
			"id": 452,
			"timing": 3.153,
			"question_id": 46
		},
		{
			"id": 453,
			"timing": 0,
			"question_id": 47
		},
		{
			"id": 454,
			"timing": 0.399,
			"question_id": 47
		},
		{
			"id": 455,
			"timing": 0.678,
			"question_id": 47
		},
		{
			"id": 456,
			"timing": 0.998,
			"question_id": 47
		},
		{
			"id": 457,
			"timing": 1.477,
			"question_id": 47
		},
		{
			"id": 458,
			"timing": 1.676,
			"question_id": 47
		},
		{
			"id": 459,
			"timing": 1.916,
			"question_id": 47
		},
		{
			"id": 460,
			"timing": 2.395,
			"question_id": 47
		},
		{
			"id": 461,
			"timing": 0,
			"question_id": 48
		},
		{
			"id": 462,
			"timing": 0.918,
			"question_id": 48
		},
		{
			"id": 463,
			"timing": 1.197,
			"question_id": 48
		},
		{
			"id": 464,
			"timing": 0,
			"question_id": 49
		},
		{
			"id": 465,
			"timing": 0.639,
			"question_id": 49
		},
		{
			"id": 466,
			"timing": 1.038,
			"question_id": 49
		},
		{
			"id": 467,
			"timing": 1.596,
			"question_id": 49
		},
		{
			"id": 468,
			"timing": 1.836,
			"question_id": 49
		},
		{
			"id": 469,
			"timing": 2.115,
			"question_id": 49
		},
		{
			"id": 470,
			"timing": 0,
			"question_id": 50
		},
		{
			"id": 471,
			"timing": 0.439,
			"question_id": 50
		},
		{
			"id": 472,
			"timing": 0.798,
			"question_id": 50
		},
		{
			"id": 473,
			"timing": 1.078,
			"question_id": 50
		},
		{
			"id": 474,
			"timing": 1.237,
			"question_id": 50
		},
		{
			"id": 475,
			"timing": 1.397,
			"question_id": 50
		},
		{
			"id": 476,
			"timing": 1.836,
			"question_id": 50
		},
		{
			"id": 477,
			"timing": 1.956,
			"question_id": 50
		}
	]
}