{
	"data":
	[
		{
			"id": 1,
			"question_sentence": "The train went _fast_ down the track.",
			"question_clip": "Line 1",
			"correct_answer": 0,
			"book_id": 36
		},
		{
			"id": 2,
			"question_sentence": "Kayla and Jayden hoped that _kids_ would move in next door.",
			"question_clip": "line 1",
			"correct_answer": 0,
			"book_id": 37
		},
		{
			"id": 3,
			"question_sentence": "The box started to _shake_.",
			"question_clip": "L 1",
			"correct_answer": 1,
			"book_id": 38
		},
		{
			"id": 4,
			"question_sentence": "Kayla found Jayden. She said, \"I'm _happy_ I found you.\"",
			"question_clip": "L 1",
			"correct_answer": 1,
			"book_id": 39
		},
		{
			"id": 5,
			"question_sentence": "Trey helped Jazmin practice. They _threw_ the ball to each other.",
			"question_clip": "L 1",
			"correct_answer": 0,
			"book_id": 40
		},
		{
			"id": 6,
			"question_sentence": "Jayden likes to _spin_ around when he jumps.",
			"question_clip": "L 1",
			"correct_answer": 0,
			"book_id": 41
		},
		{
			"id": 7,
			"question_sentence": "Jayden thought Snowball looked _scared_ when she was stuck in the tree.",
			"question_clip": "L 1",
			"correct_answer": 1,
			"book_id": 42
		},
		{
			"id": 8,
			"question_sentence": "Jayden thought Kayla did _great_!",
			"question_clip": "L 1",
			"correct_answer": 0,
			"book_id": 43
		},
		{
			"id": 9,
			"question_sentence": "Our friends raked the leaves into a _big_ pile.",
			"question_clip": "L 1",
			"correct_answer": 0,
			"book_id": 44
		},
		{
			"id": 10,
			"question_sentence": "After the carwash, the car was clean and _shiny_.",
			"question_clip": "L 1",
			"correct_answer": 1,
			"book_id": 45
		},
		{
			"id": 11,
			"question_sentence": "Trey gave Jayden a _hint_ how to find him. Trey told him to look up.",
			"question_clip": "L 1",
			"correct_answer": 0,
			"book_id": 46
		},
		{
			"id": 12,
			"question_sentence": "Bebop was a _smart_ dog.",
			"question_clip": "L 1",
			"correct_answer": 1,
			"book_id": 47
		},
		{
			"id": 13,
			"question_sentence": "Trey and Jazmin made a _big_ splash.",
			"question_clip": "L 1",
			"correct_answer": 1,
			"book_id": 48
		},
		{
			"id": 14,
			"question_sentence": "Jazmin was _frightened_ when she couldn't find Chummy.",
			"question_clip": "L 1",
			"correct_answer": 0,
			"book_id": 49
		},
		{
			"id": 15,
			"question_sentence": "Jazmin was _surprised_ when she came up to the tree house.",
			"question_clip": "L 1",
			"correct_answer": 0,
			"book_id": 50
		},
		{
			"id": 16,
			"question_sentence": "Kayla told Tommy that making a snow angel was _like_ a jumping jack.",
			"question_clip": "L 1",
			"correct_answer": 1,
			"book_id": 51
		},
		{
			"id": 17,
			"question_sentence": "They got to the park _safely_.",
			"question_clip": "L 1",
			"correct_answer": 1,
			"book_id": 52
		},
		{
			"id": 18,
			"question_sentence": "Kayla said, \"What's _wrong_?\"",
			"question_clip": "L 1",
			"correct_answer": 0,
			"book_id": 53
		},
		{
			"id": 19,
			"question_sentence": "The Park Street kids _met_ at the treehouse.",
			"question_clip": "L 1",
			"correct_answer": 1,
			"book_id": 54
		},
		{
			"id": 20,
			"question_sentence": "Jayden said the cake looked _yummy_.",
			"question_clip": "L 1",
			"correct_answer": 0,
			"book_id": 55
		},
		{
			"id": 21,
			"question_sentence": "Tommy's hands got cold while he was _making_ a snowman.",
			"question_clip": "L 1",
			"correct_answer": 0,
			"book_id": 56
		},
		{
			"id": 22,
			"question_sentence": "Jazmin was _upset_ when she couldn't find her necklace.",
			"question_clip": "L 1",
			"correct_answer": 0,
			"book_id": 57
		},
		{
			"id": 23,
			"question_sentence": "The photographer _pressed_ the buttons on the camera.",
			"question_clip": "L 1",
			"correct_answer": 0,
			"book_id": 58
		},
		{
			"id": 24,
			"question_sentence": "Koko was a very _gentle_ horse.",
			"question_clip": "L 1",
			"correct_answer": 0,
			"book_id": 59
		},
		{
			"id": 25,
			"question_sentence": "Tommy thought his shoes were _cool_.",
			"question_clip": "L 1",
			"correct_answer": 1,
			"book_id": 60
		},
		{
			"id": 26,
			"question_sentence": "When Jayden was swinging, he closed his eyes and _pretended_ he was flying.",
			"question_clip": "L 1",
			"correct_answer": 0,
			"book_id": 61
		},
		{
			"id": 27,
			"question_sentence": "Tommy _was proud_ when he finished the puzzle.",
			"question_clip": "L 1",
			"correct_answer": 0,
			"book_id": 62
		},
		{
			"id": 28,
			"question_sentence": "Trey and Jazmin worked together to feed the fish. Jazmin took the _top_ off the tank.",
			"question_clip": "L 1",
			"correct_answer": 0,
			"book_id": 63
		},
		{
			"id": 29,
			"question_sentence": "Trey's stomach was _growling_ because he was hungry.",
			"question_clip": "L 1",
			"correct_answer": 0,
			"book_id": 64
		},
		{
			"id": 30,
			"question_sentence": "Snowball felt _scared_ when she saw snow for the first time.",
			"question_clip": "L 1",
			"correct_answer": 0,
			"book_id": 65
		},
		{
			"id": 31,
			"question_sentence": "The baby birds were _starving_.",
			"question_clip": "L 1",
			"correct_answer": 0,
			"book_id": 66
		},
		{
			"id": 32,
			"question_sentence": "The letters and words looked _blurry_.",
			"question_clip": "L 1",
			"correct_answer": 0,
			"book_id": 67
		},
		{
			"id": 33,
			"question_sentence": "Jazmin fell off her bike and _scraped_ her knee.",
			"question_clip": "L 1",
			"correct_answer": 0,
			"book_id": 68
		},
		{
			"id": 34,
			"question_sentence": "The Thompson family was _tired_ on Saturday morning.",
			"question_clip": "L 1",
			"correct_answer": 0,
			"book_id": 69
		},
		{
			"id": 35,
			"question_sentence": "The hot air balloon started to _float_ up in the sky.",
			"question_clip": "L 1",
			"correct_answer": 0,
			"book_id": 70
		},
		{
			"id": 36,
			"question_sentence": "Kayla had a _plan_. Next time they would go on the Moon Bounce first.",
			"question_clip": "L 1",
			"correct_answer": 0,
			"book_id": 71
		},
		{
			"id": 37,
			"question_sentence": "Trey had to _swerve_ quickly so he wouldn't hit the puppy.",
			"question_clip": "L 1",
			"correct_answer": 0,
			"book_id": 72
		},
		{
			"id": 38,
			"question_sentence": "The kids _pretended_ that they were on their way to help people.",
			"question_clip": "L 1",
			"correct_answer": 1,
			"book_id": 73
		},
		{
			"id": 39,
			"question_sentence": "Grandpa told Tommy he was _kind_ to let the little fish go.",
			"question_clip": "L 1",
			"correct_answer": 0,
			"book_id": 74
		},
		{
			"id": 40,
			"question_sentence": "Trey dropped some paint on the floor by _accident_.",
			"question_clip": "L 1",
			"correct_answer": 0,
			"book_id": 75
		},
		{
			"id": 41,
			"question_sentence": "Tommy _tossed_ a water balloon and Jayden got wet.",
			"question_clip": "L 1",
			"correct_answer": 2,
			"book_id": 76
		},
		{
			"id": 42,
			"question_sentence": "All the kids made _unique_ pictures.",
			"question_clip": "L 1",
			"correct_answer": 0,
			"book_id": 77
		},
		{
			"id": 43,
			"question_sentence": "The kids _got_ T-shirts and water bottles.",
			"question_clip": "L 1",
			"correct_answer": 1,
			"book_id": 78
		},
		{
			"id": 44,
			"question_sentence": "Everyone should _protect_ the environment.",
			"question_clip": "L 1",
			"correct_answer": 0,
			"book_id": 79
		},
		{
			"id": 45,
			"question_sentence": "After \"Bug and Insect Day\", Jazmin _changed her mind_ about bugs.",
			"question_clip": "L 1",
			"correct_answer": 2,
			"book_id": 80
		},
		{
			"id": 46,
			"question_sentence": "The Park Street kids met _weekly_ to read the fairy tales.",
			"question_clip": "L 1",
			"correct_answer": 2,
			"book_id": 81
		},
		{
			"id": 47,
			"question_sentence": "The third little pig built a _sturdy_ house.",
			"question_clip": "L 1",
			"correct_answer": 2,
			"book_id": 82
		},
		{
			"id": 48,
			"question_sentence": "Goldilocks _was curious_.",
			"question_clip": "L 1",
			"correct_answer": 0,
			"book_id": 83
		},
		{
			"id": 49,
			"question_sentence": "Little Red _continued_ to Grammy's house.",
			"question_clip": "L 1",
			"correct_answer": 1,
			"book_id": 84
		},
		{
			"id": 50,
			"question_sentence": "The fox said he was starting to _sink_.",
			"question_clip": "L 1",
			"correct_answer": 0,
			"book_id": 85
		}
	]
}