{
	"data":
	[
		{
			"id": 1,
			"answer_text": "quickly",
			"answer_clip": "quickly",
			"order": 0,
			"question_id": 1
		},
		{
			"id": 2,
			"answer_text": "carefully",
			"answer_clip": "carefully",
			"order": 1,
			"question_id": 1
		},
		{
			"id": 3,
			"answer_text": "children",
			"answer_clip": "children",
			"order": 0,
			"question_id": 2
		},
		{
			"id": 4,
			"answer_text": "pets",
			"answer_clip": "pets",
			"order": 1,
			"question_id": 2
		},
		{
			"id": 5,
			"answer_text": "turn around and around",
			"answer_clip": "turn around and around",
			"order": 0,
			"question_id": 3
		},
		{
			"id": 6,
			"answer_text": "move just a little",
			"answer_clip": "move just a little",
			"order": 1,
			"question_id": 3
		},
		{
			"id": 7,
			"answer_text": "surprised",
			"answer_clip": "surprised",
			"order": 0,
			"question_id": 4
		},
		{
			"id": 8,
			"answer_text": "glad",
			"answer_clip": "glad",
			"order": 1,
			"question_id": 4
		},
		{
			"id": 9,
			"answer_text": "tossed",
			"answer_clip": "tossed",
			"order": 0,
			"question_id": 5
		},
		{
			"id": 10,
			"answer_text": "hit",
			"answer_clip": "hit",
			"order": 1,
			"question_id": 5
		},
		{
			"id": 11,
			"answer_text": "twirl",
			"answer_clip": "twirl",
			"order": 0,
			"question_id": 6
		},
		{
			"id": 12,
			"answer_text": "climb",
			"answer_clip": "climb",
			"order": 1,
			"question_id": 6
		},
		{
			"id": 13,
			"answer_text": "alone",
			"answer_clip": "alone",
			"order": 0,
			"question_id": 7
		},
		{
			"id": 14,
			"answer_text": "afraid",
			"answer_clip": "afraid",
			"order": 1,
			"question_id": 7
		},
		{
			"id": 15,
			"answer_text": "awesome",
			"answer_clip": "awesome",
			"order": 0,
			"question_id": 8
		},
		{
			"id": 16,
			"answer_text": "awful",
			"answer_clip": "awful",
			"order": 1,
			"question_id": 8
		},
		{
			"id": 17,
			"answer_text": "huge",
			"answer_clip": "huge",
			"order": 0,
			"question_id": 9
		},
		{
			"id": 18,
			"answer_text": "soft",
			"answer_clip": "soft",
			"order": 1,
			"question_id": 9
		},
		{
			"id": 19,
			"answer_text": "bubbly",
			"answer_clip": "bubbly",
			"order": 0,
			"question_id": 10
		},
		{
			"id": 20,
			"answer_text": "sparkly",
			"answer_clip": "sparkly",
			"order": 1,
			"question_id": 10
		},
		{
			"id": 21,
			"answer_text": "clue",
			"answer_clip": "clue",
			"order": 0,
			"question_id": 11
		},
		{
			"id": 22,
			"answer_text": "ladder",
			"answer_clip": "ladder",
			"order": 1,
			"question_id": 11
		},
		{
			"id": 23,
			"answer_text": "happy",
			"answer_clip": "happy",
			"order": 0,
			"question_id": 12
		},
		{
			"id": 24,
			"answer_text": "clever",
			"answer_clip": "clever",
			"order": 1,
			"question_id": 12
		},
		{
			"id": 25,
			"answer_text": "wet",
			"answer_clip": "wet",
			"order": 0,
			"question_id": 13
		},
		{
			"id": 26,
			"answer_text": "large",
			"answer_clip": "large",
			"order": 1,
			"question_id": 13
		},
		{
			"id": 27,
			"answer_text": "scared",
			"answer_clip": "scared",
			"order": 0,
			"question_id": 14
		},
		{
			"id": 28,
			"answer_text": "tired",
			"answer_clip": "tired",
			"order": 1,
			"question_id": 14
		},
		{
			"id": 29,
			"answer_text": "amazed",
			"answer_clip": "amazed",
			"order": 0,
			"question_id": 15
		},
		{
			"id": 30,
			"answer_text": "hurt",
			"answer_clip": "hurt",
			"order": 1,
			"question_id": 15
		},
		{
			"id": 31,
			"answer_text": "not the same as",
			"answer_clip": "not the same as",
			"order": 0,
			"question_id": 16
		},
		{
			"id": 32,
			"answer_text": "almost the same as",
			"answer_clip": "almost the same as",
			"order": 1,
			"question_id": 16
		},
		{
			"id": 33,
			"answer_text": "all together",
			"answer_clip": "all together",
			"order": 0,
			"question_id": 17
		},
		{
			"id": 34,
			"answer_text": "without a problem",
			"answer_clip": "without a problem",
			"order": 1,
			"question_id": 17
		},
		{
			"id": 35,
			"answer_text": "the problem",
			"answer_clip": "the problem",
			"order": 0,
			"question_id": 18
		},
		{
			"id": 36,
			"answer_text": "the answer",
			"answer_clip": "the answer",
			"order": 1,
			"question_id": 18
		},
		{
			"id": 37,
			"answer_text": "sat down",
			"answer_clip": "sat down",
			"order": 0,
			"question_id": 19
		},
		{
			"id": 38,
			"answer_text": "got together",
			"answer_clip": "got together",
			"order": 1,
			"question_id": 19
		},
		{
			"id": 39,
			"answer_text": "good to eat",
			"answer_clip": "good to eat",
			"order": 0,
			"question_id": 20
		},
		{
			"id": 40,
			"answer_text": "like a soccer ball",
			"answer_clip": "like a soccer ball",
			"order": 1,
			"question_id": 20
		},
		{
			"id": 41,
			"answer_text": "building",
			"answer_clip": "building",
			"order": 0,
			"question_id": 21
		},
		{
			"id": 42,
			"answer_text": "watching",
			"answer_clip": "watching",
			"order": 1,
			"question_id": 21
		},
		{
			"id": 43,
			"answer_text": "worried",
			"answer_clip": "worried",
			"order": 0,
			"question_id": 22
		},
		{
			"id": 44,
			"answer_text": "happy",
			"answer_clip": "happy",
			"order": 1,
			"question_id": 22
		},
		{
			"id": 45,
			"answer_text": "pushed",
			"answer_clip": "pushed",
			"order": 0,
			"question_id": 23
		},
		{
			"id": 46,
			"answer_text": "pulled",
			"answer_clip": "pulled",
			"order": 1,
			"question_id": 23
		},
		{
			"id": 47,
			"answer_text": "mild",
			"answer_clip": "mild",
			"order": 0,
			"question_id": 24
		},
		{
			"id": 48,
			"answer_text": "gruff",
			"answer_clip": "gruff",
			"order": 1,
			"question_id": 24
		},
		{
			"id": 49,
			"answer_text": "awful",
			"answer_clip": "awful",
			"order": 0,
			"question_id": 25
		},
		{
			"id": 50,
			"answer_text": "awesome",
			"answer_clip": "awesome",
			"order": 1,
			"question_id": 25
		},
		{
			"id": 51,
			"answer_text": "imagined",
			"answer_clip": "imagined",
			"order": 0,
			"question_id": 26
		},
		{
			"id": 52,
			"answer_text": "played",
			"answer_clip": "played",
			"order": 1,
			"question_id": 26
		},
		{
			"id": 53,
			"answer_text": "felt good about himself",
			"answer_clip": "felt good about himself",
			"order": 0,
			"question_id": 27
		},
		{
			"id": 54,
			"answer_text": "felt disappointed",
			"answer_clip": "felt disappointed",
			"order": 1,
			"question_id": 27
		},
		{
			"id": 55,
			"answer_text": "cover",
			"answer_clip": "cover",
			"order": 0,
			"question_id": 28
		},
		{
			"id": 56,
			"answer_text": "water",
			"answer_clip": "water",
			"order": 1,
			"question_id": 28
		},
		{
			"id": 57,
			"answer_text": "rumbling",
			"answer_clip": "rumbling",
			"order": 0,
			"question_id": 29
		},
		{
			"id": 58,
			"answer_text": "quiet",
			"answer_clip": "quiet",
			"order": 1,
			"question_id": 29
		},
		{
			"id": 59,
			"answer_text": "afraid",
			"answer_clip": "afraid",
			"order": 0,
			"question_id": 30
		},
		{
			"id": 60,
			"answer_text": "proud",
			"answer_clip": "proud",
			"order": 1,
			"question_id": 30
		},
		{
			"id": 61,
			"answer_text": "hungry",
			"answer_clip": "hungry",
			"order": 0,
			"question_id": 31
		},
		{
			"id": 62,
			"answer_text": "thirsty",
			"answer_clip": "thirsty",
			"order": 1,
			"question_id": 31
		},
		{
			"id": 63,
			"answer_text": "unclear",
			"answer_clip": "unclear",
			"order": 0,
			"question_id": 32
		},
		{
			"id": 64,
			"answer_text": "bright",
			"answer_clip": "bright",
			"order": 1,
			"question_id": 32
		},
		{
			"id": 65,
			"answer_text": "scratched",
			"answer_clip": "scratched",
			"order": 0,
			"question_id": 33
		},
		{
			"id": 66,
			"answer_text": "broke",
			"answer_clip": "broke",
			"order": 1,
			"question_id": 33
		},
		{
			"id": 67,
			"answer_text": "sleepy",
			"answer_clip": "sleepy",
			"order": 0,
			"question_id": 34
		},
		{
			"id": 68,
			"answer_text": "happy",
			"answer_clip": "happy",
			"order": 1,
			"question_id": 34
		},
		{
			"id": 69,
			"answer_text": "rise",
			"answer_clip": "rise",
			"order": 0,
			"question_id": 35
		},
		{
			"id": 70,
			"answer_text": "fall",
			"answer_clip": "fall",
			"order": 1,
			"question_id": 35
		},
		{
			"id": 71,
			"answer_text": "idea",
			"answer_clip": "idea",
			"order": 0,
			"question_id": 36
		},
		{
			"id": 72,
			"answer_text": "party",
			"answer_clip": "party",
			"order": 1,
			"question_id": 36
		},
		{
			"id": 73,
			"answer_text": "turn",
			"answer_clip": "turn",
			"order": 0,
			"question_id": 37
		},
		{
			"id": 74,
			"answer_text": "ride",
			"answer_clip": "ride",
			"order": 1,
			"question_id": 37
		},
		{
			"id": 75,
			"answer_text": "showed",
			"answer_clip": "showed",
			"order": 0,
			"question_id": 38
		},
		{
			"id": 76,
			"answer_text": "made believe",
			"answer_clip": "made believe",
			"order": 1,
			"question_id": 38
		},
		{
			"id": 77,
			"answer_text": "generous",
			"answer_clip": "generous",
			"order": 0,
			"question_id": 39
		},
		{
			"id": 78,
			"answer_text": "mean",
			"answer_clip": "mean",
			"order": 1,
			"question_id": 39
		},
		{
			"id": 79,
			"answer_text": "mistake",
			"answer_clip": "mistake",
			"order": 0,
			"question_id": 40
		},
		{
			"id": 80,
			"answer_text": "showing off",
			"answer_clip": "showing off",
			"order": 1,
			"question_id": 40
		},
		{
			"id": 81,
			"answer_text": "carried",
			"answer_clip": "carried",
			"order": 0,
			"question_id": 41
		},
		{
			"id": 82,
			"answer_text": "showed",
			"answer_clip": "showed",
			"order": 1,
			"question_id": 41
		},
		{
			"id": 83,
			"answer_text": "threw",
			"answer_clip": "threw",
			"order": 2,
			"question_id": 41
		},
		{
			"id": 84,
			"answer_text": "different",
			"answer_clip": "different",
			"order": 0,
			"question_id": 42
		},
		{
			"id": 85,
			"answer_text": "beautiful",
			"answer_clip": "beautiful",
			"order": 1,
			"question_id": 42
		},
		{
			"id": 86,
			"answer_text": "similar",
			"answer_clip": "similar",
			"order": 2,
			"question_id": 42
		},
		{
			"id": 87,
			"answer_text": "gave",
			"answer_clip": "gave",
			"order": 0,
			"question_id": 43
		},
		{
			"id": 88,
			"answer_text": "received",
			"answer_clip": "received",
			"order": 1,
			"question_id": 43
		},
		{
			"id": 89,
			"answer_text": "bought",
			"answer_clip": "bought",
			"order": 2,
			"question_id": 43
		},
		{
			"id": 90,
			"answer_text": "take care of",
			"answer_clip": "take care of",
			"order": 0,
			"question_id": 44
		},
		{
			"id": 91,
			"answer_text": "harm",
			"answer_clip": "harm",
			"order": 1,
			"question_id": 44
		},
		{
			"id": 92,
			"answer_text": "enjoy",
			"answer_clip": "enjoy",
			"order": 2,
			"question_id": 44
		},
		{
			"id": 93,
			"answer_text": "learned",
			"answer_clip": "learned",
			"order": 0,
			"question_id": 45
		},
		{
			"id": 94,
			"answer_text": "thought",
			"answer_clip": "thought",
			"order": 1,
			"question_id": 45
		},
		{
			"id": 95,
			"answer_text": "thought differently",
			"answer_clip": "thought differently",
			"order": 2,
			"question_id": 45
		},
		{
			"id": 96,
			"answer_text": "everyday",
			"answer_clip": "everyday",
			"order": 0,
			"question_id": 46
		},
		{
			"id": 97,
			"answer_text": "twice a week",
			"answer_clip": "twice a week",
			"order": 1,
			"question_id": 46
		},
		{
			"id": 98,
			"answer_text": "once a week",
			"answer_clip": "once a week",
			"order": 2,
			"question_id": 46
		},
		{
			"id": 99,
			"answer_text": "straw",
			"answer_clip": "straw",
			"order": 0,
			"question_id": 47
		},
		{
			"id": 100,
			"answer_text": "weak",
			"answer_clip": "weak",
			"order": 1,
			"question_id": 47
		},
		{
			"id": 101,
			"answer_text": "strong",
			"answer_clip": "strong",
			"order": 2,
			"question_id": 47
		},
		{
			"id": 102,
			"answer_text": "lliked to learn about new things",
			"answer_clip": "lliked to learn about new things",
			"order": 0,
			"question_id": 48
		},
		{
			"id": 103,
			"answer_text": "liked to try medium size things",
			"answer_clip": "liked to try medium size things",
			"order": 1,
			"question_id": 48
		},
		{
			"id": 104,
			"answer_text": "liked to pick flowers",
			"answer_clip": "liked to pick flowers",
			"order": 2,
			"question_id": 48
		},
		{
			"id": 105,
			"answer_text": "hopped",
			"answer_clip": "hopped",
			"order": 0,
			"question_id": 49
		},
		{
			"id": 106,
			"answer_text": "kept going",
			"answer_clip": "kept going",
			"order": 1,
			"question_id": 49
		},
		{
			"id": 107,
			"answer_text": "ran",
			"answer_clip": "ran",
			"order": 2,
			"question_id": 49
		},
		{
			"id": 108,
			"answer_text": "go under the water",
			"answer_clip": "go under the water",
			"order": 0,
			"question_id": 50
		},
		{
			"id": 109,
			"answer_text": "swim to the shore",
			"answer_clip": "swim to the shore",
			"order": 1,
			"question_id": 50
		},
		{
			"id": 110,
			"answer_text": "go across the water",
			"answer_clip": "go across the water",
			"order": 2,
			"question_id": 50
		}
	]
}