{
	"data":
	[
		{
			"id": 1,
			"answer_sentence": "The train went quickly down the track.",
			"answer_clip": "correct answer",
			"answer_id": 1,
			"book_id": 36,
			"question_id": 1
		},
		{
			"id": 2,
			"answer_sentence": "Kayla and Jayden hoped that children would move in next door.",
			"answer_clip": "correct answer",
			"answer_id": 2,
			"book_id": 37,
			"question_id": 2
		},
		{
			"id": 3,
			"answer_sentence": "The box started to move just a little.",
			"answer_clip": "correct answer",
			"answer_id": 3,
			"book_id": 38,
			"question_id": 3
		},
		{
			"id": 4,
			"answer_sentence": "Kayla found Jayden. She said, \"I'm glad I found you.\"",
			"answer_clip": "correct answer",
			"answer_id": 4,
			"book_id": 39,
			"question_id": 4
		},
		{
			"id": 5,
			"answer_sentence": "Trey helped Jazmin practice. They tossed the ball to each other.",
			"answer_clip": "correct answer",
			"answer_id": 5,
			"book_id": 40,
			"question_id": 5
		},
		{
			"id": 6,
			"answer_sentence": "Jayden likes to twirl around when he jumps.",
			"answer_clip": "correct answer",
			"answer_id": 6,
			"book_id": 41,
			"question_id": 6
		},
		{
			"id": 7,
			"answer_sentence": "Jayden thought Snowball looked afraid when she was stuck in the tree.",
			"answer_clip": "correct answer",
			"answer_id": 7,
			"book_id": 42,
			"question_id": 7
		},
		{
			"id": 8,
			"answer_sentence": "Jayden thought Kayla did awesome!",
			"answer_clip": "correct answer",
			"answer_id": 8,
			"book_id": 43,
			"question_id": 8
		},
		{
			"id": 9,
			"answer_sentence": "Our friends raked the leaves into a huge pile.",
			"answer_clip": "correct answer",
			"answer_id": 9,
			"book_id": 44,
			"question_id": 9
		},
		{
			"id": 10,
			"answer_sentence": "After the carwash, the car was clean and sparkly.",
			"answer_clip": "correct answer",
			"answer_id": 10,
			"book_id": 45,
			"question_id": 10
		},
		{
			"id": 11,
			"answer_sentence": "Trey gave Jayden a clue how to find him. Trey told him to look up.",
			"answer_clip": "correct answer",
			"answer_id": 11,
			"book_id": 46,
			"question_id": 11
		},
		{
			"id": 12,
			"answer_sentence": "Bebop was a clever dog.",
			"answer_clip": "correct answer",
			"answer_id": 12,
			"book_id": 47,
			"question_id": 12
		},
		{
			"id": 13,
			"answer_sentence": "Trey and Jazmin made a large splash.",
			"answer_clip": "correct answer",
			"answer_id": 13,
			"book_id": 48,
			"question_id": 13
		},
		{
			"id": 14,
			"answer_sentence": "Jazmin was scared when she couldn't find Chummy.",
			"answer_clip": "correct answer",
			"answer_id": 14,
			"book_id": 49,
			"question_id": 14
		},
		{
			"id": 15,
			"answer_sentence": "Jazmin was amazed when she came up to the tree house.",
			"answer_clip": "correct answer",
			"answer_id": 15,
			"book_id": 50,
			"question_id": 15
		},
		{
			"id": 16,
			"answer_sentence": "Kayla told Tommy that making a snow angel was almost the same as a jumping jack.",
			"answer_clip": "correct answer",
			"answer_id": 16,
			"book_id": 51,
			"question_id": 16
		},
		{
			"id": 17,
			"answer_sentence": "They got to the park without a problem.",
			"answer_clip": "correct answer",
			"answer_id": 17,
			"book_id": 52,
			"question_id": 17
		},
		{
			"id": 18,
			"answer_sentence": "Kayla said, \"What's the problem?\"",
			"answer_clip": "correct answer",
			"answer_id": 18,
			"book_id": 53,
			"question_id": 18
		},
		{
			"id": 19,
			"answer_sentence": "The Park Street kids got together at the treehouse.",
			"answer_clip": "correct answer",
			"answer_id": 19,
			"book_id": 54,
			"question_id": 19
		},
		{
			"id": 20,
			"answer_sentence": "Jayden said the cake looked good to eat.",
			"answer_clip": "correct answer",
			"answer_id": 20,
			"book_id": 55,
			"question_id": 20
		},
		{
			"id": 21,
			"answer_sentence": "Tommy's hands got cold while he was building a snowman.",
			"answer_clip": "correct answer",
			"answer_id": 21,
			"book_id": 56,
			"question_id": 21
		},
		{
			"id": 22,
			"answer_sentence": "Jazmin was worried when she couldn't find her necklace.",
			"answer_clip": "correct answer",
			"answer_id": 22,
			"book_id": 57,
			"question_id": 22
		},
		{
			"id": 23,
			"answer_sentence": "The photographer pushed the buttons on the camera.",
			"answer_clip": "correct answer",
			"answer_id": 23,
			"book_id": 58,
			"question_id": 23
		},
		{
			"id": 24,
			"answer_sentence": "Koko was a very mild horse.",
			"answer_clip": "correct answer",
			"answer_id": 24,
			"book_id": 59,
			"question_id": 24
		},
		{
			"id": 25,
			"answer_sentence": "Tommy thought his shoes were awesome.",
			"answer_clip": "correct answer",
			"answer_id": 25,
			"book_id": 60,
			"question_id": 25
		},
		{
			"id": 26,
			"answer_sentence": "When Jayden was swinging, he closed his eyes and imagined he was flying.",
			"answer_clip": "correct answer",
			"answer_id": 26,
			"book_id": 61,
			"question_id": 26
		},
		{
			"id": 27,
			"answer_sentence": "Tommy felt good about himself when he finished the puzzle.",
			"answer_clip": "correct answer",
			"answer_id": 27,
			"book_id": 62,
			"question_id": 27
		},
		{
			"id": 28,
			"answer_sentence": "Trey and Jazmin worked together to feed the fish. Jazmin took the cover off the tank.",
			"answer_clip": "correct answer",
			"answer_id": 28,
			"book_id": 63,
			"question_id": 28
		},
		{
			"id": 29,
			"answer_sentence": "Trey's stomach was rumbling because he was hungry.",
			"answer_clip": "correct answer",
			"answer_id": 29,
			"book_id": 64,
			"question_id": 29
		},
		{
			"id": 30,
			"answer_sentence": "Snowball felt afraid when she saw snow for the first time.",
			"answer_clip": "correct answer",
			"answer_id": 30,
			"book_id": 65,
			"question_id": 30
		},
		{
			"id": 31,
			"answer_sentence": "The baby birds were hungry.",
			"answer_clip": "correct answer",
			"answer_id": 31,
			"book_id": 66,
			"question_id": 31
		},
		{
			"id": 32,
			"answer_sentence": "The letters and words looked unclear.",
			"answer_clip": "correct answer",
			"answer_id": 32,
			"book_id": 67,
			"question_id": 32
		},
		{
			"id": 33,
			"answer_sentence": "Jazmin fell off her bike and scratched her knee.",
			"answer_clip": "correct answer",
			"answer_id": 33,
			"book_id": 68,
			"question_id": 33
		},
		{
			"id": 34,
			"answer_sentence": "The Thompson family was sleepy on Saturday morning.",
			"answer_clip": "correct answer",
			"answer_id": 34,
			"book_id": 69,
			"question_id": 34
		},
		{
			"id": 35,
			"answer_sentence": "The hot air balloon started to rise up in the sky.",
			"answer_clip": "correct answer",
			"answer_id": 35,
			"book_id": 70,
			"question_id": 35
		},
		{
			"id": 36,
			"answer_sentence": "Kayla had an idea. Next time they would go on the Moon Bounce first.",
			"answer_clip": "correct answer",
			"answer_id": 36,
			"book_id": 71,
			"question_id": 36
		},
		{
			"id": 37,
			"answer_sentence": "Trey had to turn quickly so he wouldn't hit the puppy.",
			"answer_clip": "correct answer",
			"answer_id": 37,
			"book_id": 72,
			"question_id": 37
		},
		{
			"id": 38,
			"answer_sentence": "The kids made believe that they were on their way to help people.",
			"answer_clip": "correct answer",
			"answer_id": 38,
			"book_id": 73,
			"question_id": 38
		},
		{
			"id": 39,
			"answer_sentence": "Grandpa told Tommy he was generous to let the little fish go.",
			"answer_clip": "correct answer",
			"answer_id": 39,
			"book_id": 74,
			"question_id": 39
		},
		{
			"id": 40,
			"answer_sentence": "Trey dropped some paint on the floor by mistake.",
			"answer_clip": "correct answer",
			"answer_id": 40,
			"book_id": 75,
			"question_id": 40
		},
		{
			"id": 41,
			"answer_sentence": "Tommy threw a water balloon and Jayden got wet.",
			"answer_clip": "correct answer",
			"answer_id": 41,
			"book_id": 76,
			"question_id": 41
		},
		{
			"id": 42,
			"answer_sentence": "All the kids made different pictures.",
			"answer_clip": "correct answer",
			"answer_id": 42,
			"book_id": 77,
			"question_id": 42
		},
		{
			"id": 43,
			"answer_sentence": "The kids received T-shirts and water bottles.",
			"answer_clip": "correct answer",
			"answer_id": 43,
			"book_id": 78,
			"question_id": 43
		},
		{
			"id": 44,
			"answer_sentence": "Everyone should take care of the environment.",
			"answer_clip": "correct answer",
			"answer_id": 44,
			"book_id": 79,
			"question_id": 44
		},
		{
			"id": 45,
			"answer_sentence": "After \"Bug and Insect Day\", Jazmin thought differently about bugs.",
			"answer_clip": "correct answer",
			"answer_id": 45,
			"book_id": 80,
			"question_id": 45
		},
		{
			"id": 46,
			"answer_sentence": "The Park Street kids met once a week to read the fairy tales.",
			"answer_clip": "correct answer",
			"answer_id": 46,
			"book_id": 81,
			"question_id": 46
		},
		{
			"id": 47,
			"answer_sentence": "The third little pig built a strong house.",
			"answer_clip": "correct answer",
			"answer_id": 47,
			"book_id": 82,
			"question_id": 47
		},
		{
			"id": 48,
			"answer_sentence": "Goldilocks liked to learn about new things.",
			"answer_clip": "liked to learn about new things",
			"answer_id": 48,
			"book_id": 83,
			"question_id": 48
		},
		{
			"id": 49,
			"answer_sentence": "Little Red kept going to Grammy's house.",
			"answer_clip": "correct answer",
			"answer_id": 49,
			"book_id": 84,
			"question_id": 49
		},
		{
			"id": 50,
			"answer_sentence": "The fox said he was starting to go under the water.",
			"answer_clip": "correct answer",
			"answer_id": 50,
			"book_id": 85,
			"question_id": 50
		}
	]
}